Acteur,averageRating
Bob Gunton,9.3
Suriya,9.1
Aparna Balamurali,9.1
Biljana Cekic,8.8
Anja Stanic,8.8
Meat Loaf,8.8
Eli Wallach,8.8
Zlatan Vidovic,8.8
Sidharth Malhotra,8.7
Louise Fletcher,8.7
Ahu TÃ¼rkpenÃ§e,8.7
Shiv Panditt,8.7
Kiara Advani,8.7
Caglar Ertugrul,8.7
Michael Berryman,8.7
Ufuk Bayraktar,8.7
Shima Iwashita,8.6
Leandro Firmino,8.6
Sun-kyun Lee,8.6
Akira Ishihama,8.6
Matheus Nachtergaele,8.6
Patrick Disanto,8.6
Lawrence A. Bonney,8.6
Yeo-jeong Cho,8.6
Nicoletta Braschi,8.6
Suzanne Pleshette,8.6
Alexandre Rodrigues,8.6
Giorgio Cantarini,8.6
Anthony Perkins,8.5
Henry Fonda,8.5
Anne Le Ny,8.5
Antonella Attili,8.5
Tsutomu Tatsumi,8.5
Enzo Cannavale,8.5
Akemi Yamaguchi,8.5
Philippe Noiret,8.5
Melissa Benoist,8.5
Frank Finlay,8.5
Ayano Shiraishi,8.5
Phillipa Soo,8.4
Mone Kamishiraishi,8.4
RyÃ»nosuke Kamiki,8.4
Sakshi Tanwar,8.4
Sterling Hayden,8.4
Paul Freeman,8.4
Mona Singh,8.4
Kyung-jin Lee,8.4
Madhavan,8.4
RyÃ´ Narita,8.4
Leslie Odom Jr.,8.4
Kang Hye-jeong,8.4
Ben Burtt,8.4
Yoo Ji-Tae,8.4
Tisca Chopra,8.4
Elissa Knight,8.4
Boluwatife Treasure Bankole,8.4
Fatima Sana Shaikh,8.4
Danny Lloyd,8.4
Yordanos Shiferaw,8.4
Yuriko Ishida,8.4
Yutaka Sada,8.4
Ahu Türkpençe,8.4
Anthony Gonzalez,8.4
Zazie Beetz,8.4
YÃ»ko Tanaka,8.4
Ismail Hacioglu,8.4
Zain Al Rafeea,8.4
YÃ´ji Matsuda,8.4
Miyu Irino,8.399999999999999
Michael Bates,8.3
Daniel Mays,8.3
Mohammad Amir Naji,8.3
Mohanlal,8.3
Carrie Henn,8.3
Mohit Raina,8.3
MÃ©lissa DÃ©sormeaux-Poulin,8.3
Natsuki Hanae,8.3
Bahare Seddiqi,8.3
Olga Mironova,8.3
Ramachandra Raju,8.3
Dean-Charles Chapman,8.3
Meena,8.3
Maxim Gaudette,8.3
Jyoti Malshe,8.3
Anita Date,8.3
Herbert GrÃ¶nemeyer,8.3
Klaus Wennemann,8.3
Annika Wedderkopp,8.3
Gary Lockwood,8.3
Leila Hatami,8.3
Fred MacMurray,8.3
Liubomiras Laucevicius,8.3
Frank Overton,8.3
Lubna Azabal,8.3
Elizabeth McGovern,8.3
Elizabeth Berridge,8.3
Mark Gatiss,8.3
Amir Farrokh Hashemian,8.3
Eli Roth,8.3
Asha Sharath,8.3
Mathieu Kassovitz,8.3
John Megna,8.3
R. Lee Ermey,8.3
Ã‡etin Tekindor,8.3
Tatsuya Nakadai,8.3
Yoshitsugu Matsuoka,8.3
Rufus,8.3
Vicky Kaushal,8.3
Akari KitÃ´,8.3
Alec Guinness,8.3
William Sylvester,8.3
Varun Sharma,8.3
Yash,8.3
Aleksey Kravchenko,8.3
Shraddha Kapoor,8.3
Sohum Shah,8.3
Srinidhi Shetty,8.3
Steven Bauer,8.3
Sareh Bayat,8.3
Vera Miles,8.3
Sushant Singh Rajput,8.25
Claudia Cardinale,8.25
ToshirÃ´ Mifune,8.233333333333333
Aras Bulut Iynemli,8.2
Anushka Shetty,8.2
Akira Terao,8.2
Aoi YÃ»ki,8.2
Ariadna Gil,8.2
Ugur YÃ¼cel,8.2
Sener Sen,8.2
Elmo NÃ¼ganen,8.2
Ulrich Matthes,8.2
Michael Ansara,8.2
Gayatri Joshi,8.2
Fikret Kuskan,8.2
Farhan Akhtar,8.2
Eser Sariyar,8.2
Sermin HÃ¼rmeriÃ§,8.2
Jordan Nagai,8.2
Shriya Saran,8.2
Tabu,8.2
Kishori Ballal,8.2
John Ratzenberger,8.2
John Huston,8.2
Soledad Villamil,8.2
Jinpachi Nezu,8.2
Lembit Ulfsak,8.2
Ivana Baquero,8.2
Irene Papas,8.2
Giorgi Nakashidze,8.2
Lisa Haydon,8.2
Hrithik Roshan,8.2
Hitoshi Takagi,8.2
Takuya Kimura,8.2
Ajay Devgn,8.2
Tatsuya GashÃ»in,8.2
Manoj Bajpayee,8.2
Saori Hayami,8.2
Sergi LÃ³pez,8.2
Kangana Ranaut,8.2
Deniz Baysal,8.2
Chieko BaishÃ´,8.2
Chika Sakamoto,8.2
Alexandra Maria Lara,8.2
Burt Lancaster,8.2
EijirÃ´ TÃ´no,8.2
Patrick Magee,8.2
Abhay Deol,8.2
Pablo Rago,8.2
Radhika Apte,8.2
Richa Chadha,8.2
Noriko Hidaka,8.2
Nisa Sofiya Aksongur,8.2
Sahil Vaid,8.2
Sanjana Sanghi,8.2
Dexter Fletcher,8.2
Alison Doody,8.2
Ed Asner,8.2
Nick Moran,8.2
Sanjeev Kumar,8.2
Dharmendra,8.2
Richard Attenborough,8.2
Richard Widmark,8.2
George C. Scott,8.15
Graham Chapman,8.149999999999999
George MacKay,8.100000000000001
Bibi Andersson,8.1
Bertil Guve,8.1
Yacef Saadi,8.1
Sumi Shimamoto,8.1
AdÃ¨le Haenel,8.1
Hubert KoundÃ©,8.1
Ignat Daniltsev,8.1
Indraneil Sengupta,8.1
JÃ¼ri JÃ¤rvet,8.1
Bajram Severdzan,8.1
Brigitte Lin,8.1
Anne Dorval,8.1
YÃ»ko Miyamura,8.1
Branka Katic,8.1
Ivan Lapikov,8.1
Brahim Hadjadj,8.1
James Stewart,8.1
Bette Davis,8.1
Jean Martin,8.1
Joan Crawford,8.1
Hisako KyÃ´da,8.1
Suzanne ClÃ©ment,8.1
Cary-Hiroyuki Tagawa,8.1
Victor Buono,8.1
Takao Osawa,8.1
Wil Wheaton,8.1
Vernon Dobtcheff,8.1
Emilio EchevarrÃ­a,8.1
Vidya Balan,8.1
Donatas Banionis,8.1
Filipp Yankovskiy,8.1
Keiju Kobayashi,8.1
Demet Akbag,8.1
Tsutomu Yamazaki,8.1
FranÃ§ois PÃ©rier,8.1
Dean Stockwell,8.1
Aoi Miyazaki,8.1
David Rawle,8.1
FrÃ©dÃ©rique Feder,8.1
Cho Jin-woong,8.1
Dafne Keen,8.1
Cybill Shepherd,8.1
Gian Maria VolontÃ¨,8.1
Antoine Olivier Pilon,8.1
Corey Feldman,8.1
Tatum O'Neal,8.1
Goya Toledo,8.1
Gracy Singh,8.1
Graham Norton,8.1
Haluk Bilginer,8.1
Haru Kuroki,8.1
Henning Moritzen,8.1
Christopher Carley,8.1
Roe-ha Kim,8.1
Margarita Terekhova,8.1
Mandy Patinkin,8.1
Mary Gibbs,8.1
NoÃ©mie Merlant,8.1
Marisa Berenson,8.1
Amrish Puri,8.1
Mario Casas,8.1
Bee Vang,8.1
Margaretha Krook,8.1
Mahito Tsujimura,8.1
Lisa Hannigan,8.1
Mahesh Babu,8.1
LuÃ na Bajrami,8.1
SaÃ¯d Taghmaoui,8.1
Siddharth,8.1
Parambrata Chattopadhyay,8.1
Liv Ullmann,8.1
Rupert Graves,8.1
MarÃ­a Marull,8.1
Nikolay Grinko,8.1
Masahiro Motoki,8.1
Akshay Kumar,8.1
MÃ³nica Villa,8.1
Sean Bridgers,8.1
Nassar,8.1
Mithun Chakraborty,8.1
Mirjana Jokovic,8.1
Michael Palin,8.1
Michael Kenneth Williams,8.1
Alain Delon,8.1
Melisa SÃ¶zen,8.1
Megumi Ogata,8.1
Nastassja Kinski,8.1
Alison Crosbie,8.1
Natalya Bondarchuk,8.1
Alisa Freyndlikh,8.1
Nathalie Delon,8.1
Anatoliy Solonitsyn,8.1
Ana Wagener,8.1
Soha Ali Khan,8.1
Prabhas,8.1
Kristina Adolphson,8.1
Predrag 'Miki' Manojlovic,8.1
Raghuvir Yadav,8.1
Rana Daggubati,8.1
Pruitt Taylor Vince,8.1
Kriti Sanon,8.1
Lazar Ristovski,8.1
Siu Ping-Lam,8.1
Alexander Gould,8.1
Aleksandr Kaydanovskiy,8.1
Andrea Eckert,8.1
Lewis Black,8.1
Peter Finch,8.1
Pernilla Allwin,8.1
Kim Sang-kyung,8.1
Kim Min-hee,8.1
Robert Sean Leonard,8.1
Thomas Bo Larsen,8.066666666666668
Lee Van Cleef,8.066666666666666
Ricardo DarÃ­n,8.05
Carrie Fisher,8.02
Christine Hargreaves,8.0
Yayan Ruhian,8.0
Bob Geldof,8.0
BjÃ¶rk,8.0
Nawazuddin Siddiqui,8.0
Rica Matsumoto,8.0
Eleanor Parker,8.0
Eli Marienthal,8.0
Victor Jory,8.0
Robby Benson,8.0
Ramya Krishnan,8.0
Nozomu Sasaki,8.0
Brad Garrett,8.0
Norma Crane,8.0
Christopher Heyerdahl,8.0
Chris Elliott,8.0
Penelope Allen,8.0
Chiara Mastroianni,8.0
Paige O'Hara,8.0
Otto Sander,8.0
Oh Yeong-su,8.0
Peter O'Toole,8.0
Danny Elfman,8.0
Rohini Hattangadi,8.0
Wagner Moura,8.0
Caio Junqueira,8.0
Vladimir Garin,8.0
Phyllis Logan,8.0
DarÃ­o Grandinetti,8.0
Ruby Dee,8.0
VinÃ­cius de Oliveira,8.0
Saurabh Shukla,8.0
Katharine Ross,8.0
Elizabeth Taylor,8.0
Scott Weinger,8.0
Linda Larkin,8.0
Linda Blair,8.0
Irandhir Santos,8.0
Ivan Dobronravov,8.0
Leonard Frey,8.0
Izabela Vidovic,8.0
Jackie Gleason,8.0
James Laurenson,8.0
James Rebhorn,8.0
Siu-Wong Fan,8.0
Jane Galloway Heitz,8.0
Jang Dong-Gun,8.0
Jason Robards,8.0
Jean-Louis Trintignant,8.0
Jesse Corti,8.0
John Cassavetes,8.0
John Gielgud,8.0
Kotoe Hatsui,8.0
Konstantin Lavronenko,8.0
Solveig Dommartin,8.0
Jong-ho Kim,8.0
Roddy McDowall,8.0
Julianne Nicholson,8.0
Jun Ji-hyun,8.0
Kim Ki-duk,8.0
In-mun Kim,8.0
Tae-Hyun Cha,8.0
Iemasa Kayumi,8.0
Tony Roberts,8.0
Mitsuo Iwata,8.0
Eun-ju Lee,8.0
Ulrich MÃ¼he,8.0
Fernanda Montenegro,8.0
Frantz Turner,8.0
Seung-Yun Lee,8.0
Sheetal Menon,8.0
FranÃ§ois Cluzet,8.0
Keiko Yokozawa,8.0
Shinpachi Tsuji,8.0
MarÃ­lia PÃªra,8.0
Mary McDonnell,8.0
Hyuk-ho Kwon,8.0
Marty Feldman,8.0
George Segal,8.0
Timothy Bottoms,8.0
Marianne Koch,8.0
Marcello Mastroianni,8.0
Mami Koyama,8.0
Harshaali Malhotra,8.0
Hee Jae,8.0
Maggie Cheung,8.0
Lou Romano,8.0
Simon Yam,8.0
Mayumi Tanaka,8.0
Junko Iwao,8.0
Anita Ekberg,8.0
Ayushmann Khurrana,8.0
Alec Cawthorne,8.0
Anouk AimÃ©e,8.0
AndrÃ© Ramiro,8.0
Anthony Quinn,8.0
Anthony Chau-Sang Wong,8.0
Arifin Putra,8.0
John Cazale,7.966666666666666
Edward Furlong,7.966666666666666
Don Rickles,7.95
Ruth Gordon,7.95
Ha Jung-woo,7.949999999999999
Daveigh Chase,7.949999999999999
IrÃ¨ne Jacob,7.949999999999999
Michael Biehn,7.933333333333334
Julie Delpy,7.92
Robert Shaw,7.900000000000001
Filip Sovagovic,7.9
John Billingsley,7.9
Mariel Hemingway,7.9
Minami Takayama,7.9
Dave Johns,7.9
Julia Greer,7.9
Martina Gedeck,7.9
Kirin Kiki,7.9
Richard Farnsworth,7.9
Rene Bitorajac,7.9
GastÃ³n Pauls,7.9
Klaus Kinski,7.9
Delphine Seyrig,7.9
Julian Dennison,7.9
Ferdia Walsh-Peelo,7.9
Birol Ãœnel,7.9
Rei Sakuma,7.9
GÃ¼ven KiraÃ§,7.9
Ellar Coltrane,7.9
Kirk Douglas,7.9
Vivian Pickles,7.9
Duane Jones,7.9
Zamira Saunders,7.9
Vlad Ivanov,7.9
Cary Grant,7.9
Paul Frankeur,7.9
Issey Takahashi,7.9
Graciela Tenenbaum,7.9
Sibel Kekilli,7.9
Michael McKean,7.9
Per Ragnar,7.9
Peter Billingsley,7.9
Tom Hulce,7.9
Brenda Fricker,7.9
Adil Hussain,7.9
Judith O'Dea,7.9
Branko Djuric,7.9
FranÃ§ois BerlÃ©and,7.9
Rima Te Wiata,7.9
Catinca Untaru,7.9
Cecilia Roth,7.9
Ken Foree,7.9
Melissa Fahn,7.9
Melinda Dillon,7.9
Frank Sinatra,7.9
Takashi Tachibana,7.9
Megumi Hayashibara,7.9
Yoko Honna,7.9
Gwilym Lee,7.9
Simu Liu,7.9
GÃ©rard Jugnot,7.9
Yilmaz Erdogan,7.9
Pupella Maggio,7.9
Koyu Rankin,7.9
Kazunari Ninomiya,7.9
Laura Harring,7.9
Kate Ashfield,7.9
Lina Leandersson,7.9
Emmanuelle Riva,7.9
Alison Whelan,7.9
Lucy Boynton,7.9
Roman Griffin Davis,7.9
David Lee Smith,7.9
Sharon Percy,7.9
Beau Billingslea,7.9
Niels Arestrup,7.9
Karl Malden,7.9
Karl Hardman,7.9
Sakura AndÃ´,7.9
Rosario Flores,7.9
Bruno Zanin,7.9
Jean Dujardin,7.9
Saif Ali Khan,7.9
Adel Bencherif,7.9
Jean-Baptiste Maunier,7.9
Laura Vasiliu,7.9
Anamaria Marinca,7.9
Ruy Guerra,7.9
Jean Simmons,7.9
Tsuyoshi Ihara,7.9
Justine Waddell,7.9
Christopher Guest,7.9
Jason Cope,7.9
Alejandro Jodorowsky,7.9
Helena Rojo,7.9
Bud Cort,7.9
Rob Reiner,7.9
Scott H. Reiniger,7.9
Bill Bernstein,7.9
Maria Doyle Kennedy,7.9
Taner Birsel,7.9
Nicholas Guest,7.9
Lee Pace,7.9
Horacio Salinas,7.9
Suraj Sharma,7.9
Hayley Squires,7.9
Cab Calloway,7.9
Laurence Harvey,7.9
KÃ¥re Hedebrant,7.9
David James,7.9
Stephen Young,7.9
Lily Franky,7.9
Candela PeÃ±a,7.9
David Emge,7.9
Magali NoÃ«l,7.9
Samantha Isler,7.9
Muhammet Uzuner,7.9
Ryan O'Neal,7.866666666666667
Won Bin,7.866666666666667
Chazz Palminteri,7.866666666666667
Brenda Blethyn,7.866666666666667
Melvyn Douglas,7.85
Catherine Deneuve,7.85
Jose Coronado,7.85
Graham Greene,7.85
Taraneh Alidoosti,7.85
Preity Zinta,7.85
Warren Oates,7.85
Shahab Hosseini,7.85
Robert Ryan,7.85
Jack Warden,7.85
Aamir Khan,7.8428571428571425
Spencer Tracy,7.833333333333333
Gena Rowlands,7.833333333333333
Mia Farrow,7.825
Fernando Rey,7.800000000000001
Shameik Moore,7.800000000000001
BÃ©rÃ©nice Bejo,7.800000000000001
Dalia HernÃ¡ndez,7.8
Gerardo Taracena,7.8
Katharine Hepburn,7.8
MichÃ¨le Caucheteux,7.8
Jack Albertson,7.8
Mike Vitar,7.8
Giuseppe Battiston,7.8
Trevor Jack Brooks,7.8
Allen Garfield,7.8
Glen Hansard,7.8
Carlo Verdone,7.8
Gina Torres,7.8
MÃ­a Maestro,7.8
Katrin Cartlidge,7.8
Carl Weathers,7.8
Miori Takimoto,7.8
Edward Fox,7.8
Michelle Dockery,7.8
Liza Minnelli,7.8
Madeline Kahn,7.8
Christian Friedel,7.8
Henri Serre,7.8
Henrik LundstrÃ¶m,7.8
Annu Kapoor,7.8
Louis Hofmann,7.8
Wood Harris,7.8
Lorelei Linklater,7.8
Lola DueÃ±as,7.8
Yami Gautam,7.8
Michel Robin,7.8
Iain Rea,7.8
Hideaki Anno,7.8
Dominique McElligott,7.8
Hidetoshi Nishijima,7.8
Lillo Brancato,7.8
Hye-ja Kim,7.8
Lesley Sharp,7.8
Hudhail Al-Amir,7.8
Leonie Benesch,7.8
Magnus Millang,7.8
Malavika Mohanan,7.8
Helmut Griem,7.8
Marco Giallini,7.8
Michel Auclair,7.8
Diahnne Abbott,7.8
Michael J. Pollard,7.8
Ken Watanabe,7.8
Yeong-hie Seo,7.8
Kim Sae-ron,7.8
Kim Tae-hoon,7.8
Kim Yoon-seok,7.8
Haing S. Ngor,7.8
MarkÃ©ta IrglovÃ¡,7.8
Halina Gryglaszewska,7.8
Amitabh Bachchan,7.8
Chief Dan George,7.8
Diane Ladd,7.8
Sylvia Miles,7.8
Hart Bochner,7.8
Sylvia Hoeks,7.8
Wladyslaw Kowalski,7.8
Stanley Holloway,7.8
Corey Hawkins,7.8
Hugh Walsh,7.8
John Haycraft,7.8
Art Parkinson,7.8
Anna Foglietta,7.8
Jerome Flynn,7.8
Daniel Boulanger,7.8
Rodrigo De la Serna,7.8
Ryan Potter,7.8
Ewa FrÃ¶ling,7.8
Artyom Bogucharskiy,7.8
Jeon Gook-hwan,7.8
Judd Nelson,7.8
Jean-Claude Donda,7.8
Jean-Paul Belmondo,7.8
Joseph Vijay,7.8
Paul Raci,7.8
Vijay Sethupathi,7.8
Art LaFleur,7.8
Jared Gilman,7.8
Roland MÃ¸ller,7.8
Jeanne Moreau,7.8
Paul Sanchez,7.8
Terence Alexander,7.8
Jeff Cohen,7.8
Pavel Ponomaryov,7.8
Peter Ostrum,7.8
Teresa Mo,7.8
Rex Harrison,7.8
Ernst Jacobi,7.8
Jean Seberg,7.8
Jamie Chung,7.8
Tom Guiry,7.8
Barry Keoghan,7.8
Barkhad Abdi,7.8
Andreas Wilson,7.8
Kara Hayward,7.8
Barkhad Abdirahman,7.8
Nicolas Bro,7.8
David Tomlinson,7.8
Nimrat Kaur,7.8
Joel Basman,7.8
Jane Alexander,7.8
Raoul Max Trujillo,7.8
Jin Goo,7.8
Alan Ruck,7.8
Robert Gulaczyk,7.8
Oksana Akinshina,7.8
Janelle MonÃ¡e,7.8
Dana Delany,7.8
Scott Adsit,7.8
Sam Waterston,7.8
Sabrina Ferilli,7.8
Danny Lee,7.8
Sally Yeh,7.8
Tony Chiu-Wai Leung,7.788888888888888
Mark Hamill,7.779999999999999
Kajol,7.775
Audrey Hepburn,7.766666666666667
John Wayne,7.766666666666667
Gregory Peck,7.766666666666667
Zbigniew Zamachowski,7.75
Peter Sellers,7.75
Andy Lau,7.75
Atsuko Tanaka,7.75
Jack Lemmon,7.75
Akio Ã”tsuka,7.75
Freida Pinto,7.75
Geraldine Chaplin,7.75
Keir Dullea,7.75
Janet Leigh,7.733333333333333
Franka Potente,7.725
Charles Bronson,7.725
Ian McKellen,7.718181818181819
Stanley Baker,7.7
Annie Potts,7.7
Sarah Berry,7.7
Bahar Pars,7.7
Jo Hartley,7.7
Rob Maxey,7.7
Donna Murphy,7.7
Riisa Naka,7.7
Tokiko KatÃ´,7.7
Ricky Adelayitor,7.7
Chulpan Khamatova,7.7
Lee Marvin,7.7
Salim Kechiouche,7.7
Joanna Cassidy,7.7
Honor Blackman,7.7
Marilyn Ghigliotti,7.7
Emmanuel Affadzi,7.7
Marina de Tavira,7.7
Abbi Jacobson,7.7
Dave Goelz,7.7
Sara Takatsuki,7.7
Tony Moran,7.7
Rolf LassgÃ¥rd,7.7
Cleavon Little,7.7
Bernard-Pierre Donnadieu,7.7
Veerle Baetens,7.7
Russell Means,7.7
Jean Sorel,7.7
Christopher Adamson,7.7
Christian Berkel,7.7
Diego Cortina Autrey,7.7
Mackenzie Foy,7.7
Madeline Carroll,7.7
Herbert Knaup,7.7
David Herman,7.7
Jim Kelly,7.7
Lisanne Falk,7.7
Steve Whitmire,7.7
Yalitza Aparicio,7.7
Roberta Maxwell,7.7
Jean Heywood,7.7
Helmut Qualtinger,7.7
AdÃ¨le Exarchopoulos,7.7
Manisha Koirala,7.7
Roman Polanski,7.7
Ian Hendry,7.7
Johanna ter Steege,7.7
Jane Lynch,7.7
Judd Hirsch,7.7
Mina Sadati,7.7
Patrick Horgan,7.7
Golshifteh Farahani,7.7
Katrin SaÃŸ,7.7
Jack Hawkins,7.7
Jacques Villeret,7.7
Katsunosuke Hori,7.7
Michel Piccoli,7.7
Thierry Lhermitte,7.7
ShÃ»ichirÃ´ Moriyama,7.7
Tom Prior,7.7
Aitana SÃ¡nchez-GijÃ³n,7.7
Chete Lera,7.7
John Saxon,7.7
Takuya Ishida,7.7
Griffin Dunne,7.7
Wah Yuen,7.7
Gene Bervoets,7.7
Geoffrey Arend,7.7
Mitsutaka Itakura,7.7
Nell Cattrysse,7.7
Bunshi Katsura Vi,7.7
Kang-ho Song,7.7
Shelley Duvall,7.7
Callan McAuliffe,7.7
Gert FrÃ¶be,7.7
Dan Hicks,7.7
Justin Braine,7.7
Kasumi Arimura,7.7
Ali Mosaffa,7.7
Bruce Lee,7.7
Jack Kehoe,7.7
Jack McBrayer,7.7
Oliver Stokowski,7.7
Yoshino Kimura,7.7
John Randolph,7.7
John Hodgman,7.7
Qiu Yuen,7.7
Slim Pickens,7.7
Filip Berg,7.7
Georges Adet,7.7
John Belushi,7.7
Ulla Jacobsson,7.7
Cori Gonzalez-Macuer,7.7
Ranbir Kapoor,7.7
Mary Tyler Moore,7.7
John Lurie,7.7
Jane Adams,7.7
Isabella Rossellini,7.7
Masaki Okada,7.7
Tahar Rahim,7.7
Isabelle Adjani,7.7
Abraham Attah,7.7
TÃ´ru Emori,7.7
Bradley Whitford,7.7
Piper Laurie,7.7
Dwight Yoakam,7.7
Takako Matsu,7.7
Francis Huster,7.7
Thomas Turgoose,7.7
Thom Hoffman,7.7
John Fraser,7.7
Rani Mukerji,7.699999999999999
Ellen DeGeneres,7.699999999999999
Stephen Graham,7.666666666666667
Marie-JosÃ©e Croze,7.666666666666667
BelÃ©n Rueda,7.666666666666667
William Holden,7.666666666666667
Takeshi Kaneshiro,7.666666666666667
James Garner,7.666666666666667
Steve McQueen,7.659999999999999
John Cleese,7.659999999999999
Lauren Bacall,7.65
Omar Sy,7.65
Samantha Morton,7.65
Tom Berenger,7.65
Marisa Paredes,7.65
Alan Tudyk,7.65
Javier CÃ¡mara,7.65
Lee Byung-hun,7.65
Derek Jacobi,7.65
Rajkummar Rao,7.6499999999999995
Bruno Ganz,7.6499999999999995
Bonnie Bedelia,7.6499999999999995
Olivia Colman,7.633333333333333
James Earl Jones,7.633333333333333
Awkwafina,7.633333333333333
Richard Burton,7.625
Marlon Brando,7.62
TimothÃ©e Chalamet,7.6000000000000005
Payman Maadi,7.6000000000000005
Jessica Tandy,7.6000000000000005
Tomasz Kot,7.6
Danai Gurira,7.6
Antonio Resines,7.6
Roberts Blossom,7.6
Brooklynn Prince,7.6
Tugba Sunguroglu,7.6
Julieta Serrano,7.6
YÃ»suke Iseya,7.6
Gary Stretch,7.6
Juan MinujÃ­n,7.6
Gary Farmer,7.6
Pascal Benezech,7.6
Pascal Greggory,7.6
Patricia Neal,7.6
Elena Anaya,7.6
Paul McCartney,7.6
O.J. Simpson,7.6
Tim McGraw,7.6
Ann Owens,7.6
Ned Beatty,7.6
Wiley Wiggins,7.6
Trine Dyrholm,7.6
Shin Ha-kyun,7.6
Yu-mi Jung,7.6
Karl Markovics,7.6
Nam-mi Kang,7.6
Nazanin Boniadi,7.6
Satomi Hanamura,7.6
Tatsuya Fujiwara,7.6
Yvette Mimieux,7.6
Ni Ni,7.6
George Peppard,7.6
TarÃ´ Yamamoto,7.6
Shaun Evans,7.6
JÃ¼rgen Vogel,7.6
George Harrison,7.6
Paul McGann,7.6
Elena Lyadova,7.6
Yoshimi Kondou,7.6
Jodi Benson,7.6
Brad Davis,7.6
Jan Cornet,7.6
Zero Mostel,7.6
John Getz,7.6
Borys Szyc,7.6
Richard Griffiths,7.6
Richard Bohringer,7.6
Quinton Aaron,7.6
Joseph Lee,7.6
Rachel House,7.6
Elizabeth Hartman,7.6
Bo Hopkins,7.6
Ray Sahetapy,7.6
Thomas Kretschmann,7.6
Rene Auberjonois,7.6
Arno Frisch,7.6
John Lennon,7.6
Brady Corbet,7.6
Brandon Lee,7.6
Franz Rogowski,7.6
Joan Chen,7.6
David Alan Basche,7.6
Daniel Kaluuya,7.6
Frederick Lau,7.6
Brian Bedford,7.6
Bria Vinaite,7.6
Joanna Kulig,7.6
James Mason,7.6
FranÃ§ois Truffaut,7.6
Richard Harris,7.6
Peter Mullan,7.6
Zack Gottsagen,7.6
John Savage,7.6
John Roselius,7.6
Thibault Verhaeghe,7.6
Mirai Shida,7.6
Bae Doona,7.6
Gong Yoo,7.6
Jean-Marc Barr,7.6
Susanne Lothar,7.6
Laila Robins,7.6
Ma Dong-seok,7.6
Laia Costa,7.6
Lady Gaga,7.6
KÃ´ji Yakusho,7.6
Madhuri Dixit,7.6
Dick Shawn,7.6
Markus Rygaard,7.6
Irene Miracle,7.6
Atossa Leoni,7.6
Maribel VerdÃº,7.6
Sylvie Testud,7.6
Marie-Laure Dougnac,7.6
Sarah Vowell,7.6
Carmen Maura,7.6
Lung Ti,7.6
Louis Prima,7.6
Verna Bloom,7.6
Jason Mitchell,7.6
Sue Lyon,7.6
Doga Zeynep Doguslu,7.6
Annie Corley,7.6
Ho-Sung Pak,7.6
X Mayo,7.6
Hugo Silva,7.6
Li Sun,7.6
Hye-Sook Go,7.6
Alberto Ammann,7.6
Lindsay Duncan,7.6
Xinyi Zhang,7.6
Ananda George,7.6
Sarah Miles,7.6
Vicellous Shannon,7.6
Liza ColÃ³n-Zayas,7.6
Dorsey Wright,7.6
Jason London,7.6
Alan Young,7.6
Khalid Abdalla,7.6
Takayuki Yamada,7.6
Kenji Mizuhashi,7.6
Yong Dong,7.6
Guillaume Canet,7.6
Melora Walters,7.6
Michael Beck,7.6
Rochelle Davis,7.6
Aishwarya Rai Bachchan,7.6
Michael Preston,7.6
August Diehl,7.6
Shuzhen Zhao,7.6
Auli'i Cravalho,7.6
Devid Striesow,7.6
Treat Williams,7.6
Mikael Persbrandt,7.6
Jeong-nam Choi,7.6
Max Riemelt,7.6
Haaz Sleiman,7.6
Mary Ure,7.6
Ahmad Khan Mahmoodzada,7.6
Roman Madyanov,7.6
Janusz Gajos,7.6
Sophie Kennedy Clark,7.6
Charlie Cox,7.6
GÃ¼nes Sensoy,7.6
Roger Miller,7.6
Martine McCutcheon,7.6
Eric Idle,7.599999999999999
Rupert Grint,7.588888888888889
Leonardo DiCaprio,7.586363636363637
Faye Dunaway,7.583333333333333
Mathieu Amalric,7.566666666666666
Ewen Bremner,7.566666666666666
Patrick McGoohan,7.566666666666666
Robin Wright,7.566666666666666
Julie Christie,7.56
Lin-Manuel Miranda,7.550000000000001
Laurence Olivier,7.550000000000001
Kim Greist,7.550000000000001
Thomasin McKenzie,7.550000000000001
Jerry Lewis,7.55
River Phoenix,7.55
Hugh Bonneville,7.55
Peter Coyote,7.55
Charlton Heston,7.55
Julie Kavner,7.55
Joe Pesci,7.539999999999999
Martin Landau,7.533333333333334
Choi Min-sik,7.533333333333334
Rod Taylor,7.533333333333334
Ziyi Zhang,7.525
F. Murray Abraham,7.5200000000000005
Alan Rickman,7.5200000000000005
Hanaa Bouchaib,7.5
Adam Bryant,7.5
Diane Cilento,7.5
Ethel Merman,7.5
Valeriia Karaman,7.5
Vicky Haughton,7.5
Erica Carlson,7.5
Haley Ramm,7.5
Emory Cohen,7.5
Armand Verdure,7.5
Annie Girardot,7.5
Harvey Stephens,7.5
GÃ©za RÃ¶hrig,7.5
Iben Hjejle,7.5
Henry Goodman,7.5
Henry Silva,7.5
Henry Thomas,7.5
Annie Rose Buckley,7.5
Harry Connick Jr.,7.5
Jang-Lee Hwang,7.5
Diana PeÃ±alver,7.5
Jacqueline Poelvoorde-Pappaert,7.5
Elizabeth PeÃ±a,7.5
Elizabeth Moody,7.5
Fionnula Flanagan,7.5
Adam O'Brian,7.5
Tyrin Turner,7.5
Tom Schilling,7.5
Ellen Sandweiss,7.5
Tyler Labine,7.5
Jakob Cedergren,7.5
Elliott Gould,7.5
Gustaf SkarsgÃ¥rd,7.5
Urs Rechn,7.5
Elyas M'Barek,7.5
Edwin Neal,7.5
Edward Woodward,7.5
George Chakiris,7.5
Eduardo Noriega,7.5
Giuseppe Sulfaro,7.5
Vincent Gallo,7.5
Isabelle Huppert,7.5
Todd Louiso,7.5
Susan George,7.5
Emma Berman,7.5
Rebecka Liljeberg,7.5
Sophie NÃ©lisse,7.5
Ralph Bellamy,7.5
Marilyn Burns,7.5
Maricel Ãlvarez,7.5
Marianna Hill,7.5
Bo Burnham,7.5
Marcus Gilbert,7.5
Rawiri Paratene,7.5
Stephen Chow,7.5
Mahershala Ali,7.5
Ray Walston,7.5
Lucy Russell,7.5
Luciano Federico,7.5
Steve Danielsen,7.5
Asier Etxeandia,7.5
PÃ¡draic Delaney,7.5
Christopher Eccleston,7.5
Xiaoming Huang,7.5
Liam Cunningham,7.5
Lewis MacDougall,7.5
Levente MolnÃ¡r,7.5
Riccardo Scamarcio,7.5
Lesley Manville,7.5
Leonardo Sbaraglia,7.5
Stuart Graham,7.5
Lee Remick,7.5
Alex Haw,7.5
Claudine Longet,7.5
Wotan Wilke MÃ¶hring,7.5
Richard Beymer,7.5
Yeong-cheol Kim,7.5
Zendaya,7.5
Laine Megaw,7.5
Shin Min-a,7.5
Oskar Werner,7.5
Omar Shargawi,7.5
Brian O'Halloran,7.5
Nouhe Hamady Bari,7.5
Noah Taylor,7.5
Brian Milligan,7.5
Paul Rhys,7.5
Nelly Pappaert,7.5
Brian Geraghty,7.5
Nathan West,7.5
Natalie Wood,7.5
Natalia Borisova,7.5
Paul Walter Hauser,7.5
Yui Natsukawa,7.5
Moritz Bleibtreu,7.5
Yeri Han,7.5
Allen Danziger,7.5
Alexandra DahlstrÃ¶m,7.5
Milton Berle,7.5
Brandon Stanley,7.5
Mikkel Boe FÃ¸lsgaard,7.5
Mickey Sumner,7.5
Michael Stuhlbarg,7.5
Michael Ironside,7.5
Peter Vaughan,7.5
Michael Badalucco,7.5
Yoo Ah-in,7.5
Melanie Vallejo,7.5
Charles Berling,7.5
Siu-Tin Yuen,7.5
Laura Harrier,7.5
Strother Martin,7.5
Aleksey Serebryakov,7.5
Ke Huy Quan,7.5
Tamio Ã”ki,7.5
Ben Gazzara,7.5
Katrina Bowden,7.5
Kate Capshaw,7.5
Jeremy Theobald,7.5
Jung-min Hwang,7.5
Timothy Balme,7.5
June Kyoto Lu,7.5
Jessica Dinnage,7.5
Jun Kunimura,7.5
Saadna Hamoud,7.5
Julie Harris,7.5
Tim Blake Nelson,7.5
Kwak Do-won,7.5
BenoÃ®t Magimel,7.5
Judith Vittet,7.5
Joe Belcher,7.5
Daniel Emilfork,7.5
Romane Bohringer,7.5
Terence Stamp,7.5
Teri Garr,7.5
Albert Brooks,7.5
Terry Gilliam,7.5
Alan S. Kim,7.5
Jeon Jong-seo,7.5
Sammo Kam-Bo Hung,7.5
Rob Morrow,7.5
David Roper,7.5
Richard DeManincor,7.5
David Naughton,7.5
AndrÃ© Dussollier,7.5
SynnÃ¸ve Macody Lund,7.5
T.R. Knight,7.5
Kimberly Elise,7.5
Kieran Culkin,7.5
Taika Waititi,7.5
Richard Johnson,7.5
Robert Prosky,7.5
Keisha Castle-Hughes,7.5
Jeff Anderson,7.5
Robert Forster,7.5
Sarah Snook,7.5
Paresh Rawal,7.4799999999999995
Karen Allen,7.475
Ernest Borgnine,7.475
Christopher Lloyd,7.471428571428571
Gene Wilder,7.466666666666666
Steven Yeun,7.466666666666666
Brooke Adams,7.466666666666666
Paul Newman,7.459999999999999
J.T. Walsh,7.45
Mary Stuart Masterson,7.45
Nanako Matsushima,7.45
John David Washington,7.45
Harry Dean Stanton,7.449999999999999
Fionn Whitehead,7.449999999999999
Orlando Bloom,7.442857142857143
Ezra Miller,7.433333333333334
Phil Harris,7.433333333333333
Rutger Hauer,7.433333333333333
J.K. Simmons,7.428571428571429
Joan Allen,7.425000000000001
Sam Shepard,7.425
Paul Dano,7.42
Dianne Wiest,7.416666666666667
Peter Sallis,7.4
Peter Simonischek,7.4
Felicity Huffman,7.4
Fengyi Zhang,7.4
Paul Le Mat,7.4
Federico Luppi,7.4
Faye Wong,7.4
Fernando Cayo,7.4
Sean Gullette,7.4
Albert Dupontel,7.4
Sandra HÃ¼ller,7.4
Ferran Terraza,7.4
Robert Vaughn,7.4
Gabriel Damon,7.4
Ray McAnally,7.4
Anushka Sharma,7.4
Sean Hayes,7.4
Rod Culbertson,7.4
Adam Levine,7.4
Quim GutiÃ©rrez,7.4
Flavio Bucci,7.4
Eugene Hutz,7.4
Sebastian Cabot,7.4
Roger PrÃ­ncep,7.4
RyÃ´ko Hirosue,7.4
Ron Howard,7.4
Ron Moody,7.4
Peter Capaldi,7.4
Fele MartÃ­nez,7.4
Javier GutiÃ©rrez,7.4
Alfie Allen,7.4
Kelly Marie Tran,7.4
Jack Nance,7.4
Jack Dylan Grazer,7.4
Tami Stronach,7.4
Tommy Davidson,7.4
Tamara Tunie,7.4
Toni Servillo,7.4
Kim Bodnia,7.4
Sunny Suljic,7.4
Andrew Simpson,7.4
Adriana Ugarte,7.4
Imogene Coca,7.4
Laura DrasbÃ¦k,7.4
Emily Robinson,7.4
Laurie Metcalf,7.4
Jacob Lofland,7.4
Julia Fox,7.4
Jacqueline Bisset,7.4
Judith Barsi,7.4
Jorge-Yamam Serrano,7.4
Angourie Rice,7.4
James Fleet,7.4
Jonathan Groff,7.4
Tom Hollander,7.4
Jon Finch,7.4
Johanna Wokalek,7.4
Joel Fry,7.4
Jessica Harper,7.4
Tippi Hedren,7.4
Tom Courtenay,7.4
Toby Froud,7.4
Tom Costello,7.4
Laurie Zimmer,7.4
Lesley Nicol,7.4
Oona Laurence,7.4
Gerry Becker,7.4
Michael Fox,7.4
Michael Wittenborn,7.4
Aki Maeda,7.4
Millicent Simmonds,7.4
Glen Campbell,7.4
Allen Joseph,7.4
Neel Sethi,7.4
Linda May,7.4
Nellie,7.4
Nicholas Clay,7.4
Nigel Terry,7.4
Noah Hathaway,7.4
Shari Springer Berman,7.4
Shani Wallis,7.4
Max Pomeranc,7.4
MarÃ­a Soledad RodrÃ­guez,7.4
Agata Trzebuchowska,7.4
Todd Field,7.4
Martina GarcÃ­a,7.4
Mark Margolis,7.4
Mark Lester,7.4
Mark Lee,7.4
Marisol Nichols,7.4
Harvey Pekar,7.4
Amy Irving,7.4
Stefania Casini,7.4
Amy Ryan,7.4
Luis Tosar,7.4
Ana Torrent,7.4
Lotte Lenya,7.4
Liz Giles,7.4
Agata Kulesza,7.4
Barbara Leigh-Hunt,7.4
Cristin Milioti,7.4
Dawid Ogrodnik,7.4
Brian Dennehy,7.4
Daniel Day-Lewis,7.4
David Bowie,7.4
Will Poulter,7.4
Austin Stoker,7.4
Benny Safdie,7.4
Chris O'Dowd,7.4
Chris Noth,7.4
Cliff Robertson,7.4
Billy Boyd,7.4
Ben Shenkman,7.4
Wilford Brimley,7.4
Elsie Fisher,7.4
Charlotte Stewart,7.4
Darwin Joston,7.4
Chino DarÃ­n,7.4
Bill Kerr,7.4
David Brisbin,7.4
Eartha Kitt,7.4
Bob Odenkirk,7.4
Barret Oliver,7.4
Billy West,7.4
Craig Parkinson,7.4
Boris Lyoskin,7.4
Zlatko Buric,7.4
Vincent Miller,7.4
Barry Bostwick,7.4
Barry Foster,7.4
Kevin Spacey,7.38
Tom Holland,7.38
Ulrich Thomsen,7.366666666666667
Michael Gambon,7.366666666666667
Morena Baccarin,7.366666666666667
Jon Bernthal,7.366666666666667
Anne Bancroft,7.366666666666667
Emmanuelle Seigner,7.366666666666667
Sean Young,7.366666666666667
Clint Eastwood,7.366666666666667
Dev Patel,7.366666666666666
Philip Seymour Hoffman,7.357142857142857
Sophie Marceau,7.3500000000000005
Shelley Winters,7.35
Yul Brynner,7.35
Glenne Headly,7.35
BD Wong,7.35
Topol,7.35
Dick Van Dyke,7.35
Johan Heldenbergh,7.35
Alan Alda,7.35
Mary Kay Bergman,7.35
Andrew Robinson,7.35
Sela Ward,7.35
Omar Sharif,7.35
Roberto Benigni,7.35
Nick Robinson,7.35
Jack Nicholson,7.335294117647059
Rosanna Arquette,7.333333333333333
Patrick Fugit,7.333333333333333
Julie Walters,7.333333333333333
Brendan Gleeson,7.333333333333333
Ben Whishaw,7.333333333333333
JÃ¼rgen Prochnow,7.333333333333333
Albert Finney,7.328571428571428
Madeleine Stowe,7.325
Cuba Gooding Jr.,7.325
Bruce Campbell,7.32
James Caan,7.316666666666666
Nick Frost,7.316666666666666
Laura Dern,7.316666666666666
Tyler Hoechlin,7.300000000000001
Billy Crudup,7.300000000000001
Stephen Campbell Moore,7.300000000000001
Audrey Tautou,7.3
Brian Blessed,7.3
Paul Schneider,7.3
Judith GodrÃ¨che,7.3
Hoyt Axton,7.3
Clara Wettergren,7.3
Patrick Fontana,7.3
Tony Kgoroge,7.3
Levy Easterly,7.3
Shane West,7.3
Anne Parillaud,7.3
Daniel GimÃ©nez Cacho,7.3
Owen Kline,7.3
Algee Smith,7.3
Imelda Staunton,7.3
Orson Welles,7.3
Bronte Carmichael,7.3
Omid Djalili,7.3
Ingrid Bergman,7.3
Omari Hardwick,7.3
Ione Skye,7.3
Christopher Mintz-Plasse,7.3
Linda Fiorentino,7.3
Irrfan Khan,7.3
Kerry Fox,7.3
J. Pat O'Malley,7.3
NoÃ«l Coward,7.3
Lisa Bonet,7.3
Heydon Prowse,7.3
Paz de la Huerta,7.3
Lisa Loven Kongsli,7.3
Corey Stoll,7.3
Craig Roberts,7.3
Billy Zane,7.3
Courtney Love,7.3
Trey Wilson,7.3
Ed O'Neill,7.3
Kierston Wareing,7.3
Tate Donovan,7.3
Dan Castellaneta,7.3
QuvenzhanÃ© Wallis,7.3
Guillaume Baillargeon,7.3
Willie Watson,7.3
Dwight Henry,7.3
Justin Fletcher,7.3
Pearl Bailey,7.3
Corey Haim,7.3
Kyliegh Curran,7.3
Clu Gulager,7.3
Seo-hyun Ahn,7.3
Peter Fonda,7.3
Heather O'Rourke,7.3
Daniel Auteuil,7.3
Susan Egan,7.3
Judy Davis,7.3
Heidi von Palleske,7.3
Lauren Holly,7.3
Don Calfa,7.3
Shawn Doyle,7.3
Shawn Driscoll,7.3
Jodie Comer,7.3
John Ashton,7.3
Mickey Rooney,7.3
Carrie Snodgress,7.3
Jay Thomas,7.3
David Niven,7.3
Manish Dayal,7.3
Sidney Poitier,7.3
John Doman,7.3
Catherine SalÃ©e,7.3
Simon Russell Beale,7.3
Marc Duret,7.3
Maurice BÃ©nichou,7.3
Jerry Adler,7.3
Matthew Rhys,7.3
Wei Zhao,7.3
Matt Smith,7.3
Johannes Kuhnke,7.3
Matt Jones,7.3
Matt Craven,7.3
Amara Miller,7.3
ChloÃ« Sevigny,7.3
Yat-Fei Wong,7.3
Marilyn Sokol,7.3
Marius Weyers,7.3
Joe Anderson,7.3
Tia Carrere,7.3
Joanne Whalley,7.3
Adeel Akhtar,7.3
Milly Shapiro,7.3
Shea Whigham,7.3
Nancy Cartwright,7.3
Christopher Fitzgerald,7.3
Jonathan Banks,7.3
Tom. T. Tran,7.3
Lorraine Bracco,7.3
Jon Daly,7.3
Luenell,7.3
Dennis Dun,7.3
Nathaniel Brown,7.3
Stephen Rea,7.3
John Sparkes,7.3
James Frecheville,7.3
James Karen,7.3
N!xau,7.3
Warwick Davis,7.3
Alison Sudol,7.3
John Mahoney,7.3
MÃ¤dchen Amick,7.3
Ken Davitian,7.3
Denholm Elliott,7.3
Chris Sanders,7.3
Madison Wolfe,7.3
Will Adamsdale,7.3
Mo'Nique,7.3
Kate Maberly,7.3
Miou-Miou,7.3
Minnie Driver,7.3
Michael Moriarty,7.3
Katie Jarvis,7.3
Roddy Piper,7.3
Sandra Prinsloo,7.3
Rick Gonzalez,7.3
Eileen Brennan,7.3
Gabourey Sidibe,7.3
Barbara Hershey,7.3
Romain Duris,7.3
Benny Hill,7.3
Elizabeth Perkins,7.3
Rosa Salazar,7.3
Sarah Peirse,7.3
Robert Ri'chard,7.3
Betty Lou Gerson,7.3
Robert Stack,7.3
Fred Ward,7.3
GeneviÃ¨ve Bujold,7.3
Rob Brown,7.3
Finn Wolfhard,7.3
Cyril Roy,7.3
Fabrizio Rongione,7.3
Rodney Dangerfield,7.3
Gael GarcÃ­a Bernal,7.290000000000001
Domhnall Gleeson,7.285714285714286
Christian Bale,7.285185185185185
Tom Hardy,7.2846153846153845
Emily Watson,7.275
Catherine O'Hara,7.275
Craig T. Nelson,7.275
Evan Rachel Wood,7.275
Christopher Plummer,7.2727272727272725
Rami Malek,7.266666666666667
Thora Birch,7.266666666666667
Riz Ahmed,7.266666666666667
David Morse,7.266666666666667
Haley Lu Richardson,7.266666666666667
Mark Rylance,7.266666666666667
Ed Harris,7.25625
unknown,7.254545454545454
Robert Downey Jr.,7.254166666666666
Geoffrey Rush,7.253846153846154
Dustin Hoffman,7.252631578947369
Julia Louis-Dreyfus,7.25
Chi McBride,7.25
David Wenham,7.25
Lena Endre,7.25
Danny Aiello,7.25
Kim Darby,7.25
LÃ©a Seydoux,7.25
Shah Rukh Khan,7.246153846153846
Carrie-Anne Moss,7.242857142857142
Scott Glenn,7.24
Michael Caine,7.235294117647059
Angela Bassett,7.233333333333333
Djimon Hounsou,7.233333333333333
Florence Pugh,7.233333333333333
Olivia Williams,7.233333333333333
Iko Uwais,7.233333333333333
Christopher Lee,7.233333333333333
Tadanobu Asano,7.233333333333333
Brad Pitt,7.231428571428571
Sally Hawkins,7.225
Holly Hunter,7.225
Kate Winslet,7.225
Armin Mueller-Stahl,7.225
Woody Allen,7.221428571428571
Chris Cooper,7.220000000000001
Tom Skerritt,7.216666666666666
Beverly D'Angelo,7.216666666666666
Andrew Garfield,7.2124999999999995
Robert Duvall,7.208333333333333
Al Pacino,7.204
Hilary Mason,7.2
Alberto San Juan,7.2
Mackenzie Brooke Smith,7.2
Chizuru Ikewaki,7.2
Joel Murray,7.2
Ian Charleson,7.2
Tony Revolori,7.2
Ben Cross,7.2
Lim Soo-jung,7.2
Jay Mohr,7.2
Michele Valley,7.2
Claire Bloom,7.2
Claes Bang,7.2
Scott Shepherd,7.2
David Proval,7.2
Brian Caspe,7.2
Ava Cooper,7.2
Casper Van Dien,7.2
Holt McCallany,7.2
ShÃ´tarÃ´ Morikubo,7.2
Christos Stergioglou,7.2
John Beck,7.2
LluÃ­s Homar,7.2
John Carroll Lynch,7.2
Bernadette Peters,7.2
Nicholas Farrell,7.2
Ryo Ishibashi,7.2
Nicholas Brendon,7.2
Molly Ringwald,7.2
Val Bettin,7.2
Dennis Haysbert,7.2
BÃ¡rbara Goenaga,7.2
Tetsu Sawaki,7.2
Christian Cooke,7.2
Barbara Crampton,7.2
Stephen McKinley Henderson,7.2
Miyavi,7.2
Candela FernÃ¡ndez,7.2
Austin Nichols,7.2
Ethan Suplee,7.2
Natalie Mendoza,7.2
Denise Richards,7.2
Tara Lynne Barr,7.2
Frank Oz,7.2
Tom Payne,7.2
Bernard Lee,7.2
Karl Swenson,7.2
Nick Offerman,7.2
Lucy Gutteridge,7.2
Anders Baasmo Christiansen,7.2
Olivia Hussey,7.2
Paddy Considine,7.2
Idina Menzel,7.2
Tom Arnold,7.2
Christopher Fairbank,7.2
Miki Nakatani,7.2
Daniel Studi,7.2
Yoshihiko Hakamada,7.2
Peggy Lipton,7.2
Bruce Abbott,7.2
Olivia Newton-John,7.2
Ursula Andress,7.2
Maia Morgenstern,7.2
Tom Fisher,7.2
YÃ»ko Takeuchi,7.2
Debbie Harry,7.2
Elias McConnell,7.2
Louis Garrel,7.2
Tom Glynn-Carney,7.2
Malcolm Sinclair,7.2
Mitchell Ryan,7.2
Bryan Larkin,7.2
Nicole de Boer,7.2
Michael Nyqvist,7.2
Leonor Watling,7.2
David Bradley,7.2
Amadu Mamadakov,7.2
Karra Elejalde,7.2
Philip Baker Hall,7.2
Joaquim de Almeida,7.2
Jung-ah Yum,7.2
Timothy Spall,7.2
Dave Foley,7.2
Craig Sheffer,7.2
Kiersey Clemons,7.2
Elle Russ,7.2
Maurice Dean Wint,7.2
Jim Henson,7.2
Blanca Portillo,7.2
Cole Sprouse,7.2
Powers Boothe,7.2
Kaitlyn Dever,7.2
David Hewlett,7.2
Julie Carmen,7.2
Simon Lyndon,7.2
Jessica Barden,7.2
Adam Bousdoukos,7.2
PÃ¥l Sverre Hagen,7.2
Sarah Wright,7.2
Beanie Feldstein,7.2
Sam Reid,7.2
Jeremy Irvine,7.2
Rickie Sorensen,7.2
Maury Sterling,7.2
Ayumi ItÃ´,7.2
GÃ¡bor Czap,7.2
Raymond J. Barry,7.2
Khulan Chuluun,7.2
Catlin Adams,7.2
Marta Etura,7.2
Vince Colosimo,7.2
Eihi Shiina,7.2
Kim Kap-su,7.2
Justin Theroux,7.2
Richard Armitage,7.2
Takahiro Sakurai,7.2
Alex Reid,7.2
Pheline Roggan,7.2
Cyril Cusack,7.2
Scott Wolf,7.2
Charlotte Rampling,7.2
Jeffery Rifflard,7.2
Petchtai Wongkamlao,7.2
Bill Hunter,7.2
Barrie Ingham,7.2
Eric Deulen,7.2
Peter Cushing,7.2
Kathryn Mullen,7.2
Harry Guardino,7.2
Corbin Bernsen,7.2
Damijan Oklopdzic,7.2
Sonja Smits,7.2
Vincent Price,7.2
Sean Harris,7.2
Rachel Griffiths,7.2
Jessica Williams,7.2
Angeliki Papoulia,7.2
Emily Baldoni,7.2
Pumwaree Yodkamol,7.2
Gretchen Mol,7.199999999999999
Isabela Merced,7.199999999999999
Om Puri,7.199999999999999
Mark Ruffalo,7.199999999999999
Bill SkarsgÃ¥rd,7.199999999999999
Sondra Locke,7.199999999999999
Eddie Marsan,7.199999999999999
Jaye Davidson,7.199999999999999
Carey Mulligan,7.191666666666666
Joseph Gordon-Levitt,7.1866666666666665
Diane Kruger,7.185714285714285
Sean Penn,7.18235294117647
Andy Serkis,7.18
Bryan Cranston,7.177777777777777
Frances McDormand,7.176923076923076
Martin Freeman,7.175
Joe Pantoliano,7.175
Javier Bardem,7.175
Jennifer Jason Leigh,7.172727272727273
Annette Bening,7.171428571428572
Jeffrey Tambor,7.166666666666667
Rashida Jones,7.166666666666667
George Kennedy,7.166666666666667
Zoe Kazan,7.166666666666667
Kelly Reilly,7.166666666666667
Jonny Lee Miller,7.166666666666667
Jason Schwartzman,7.166666666666667
Ansel Elgort,7.166666666666667
Tilda Swinton,7.166666666666667
Mads Mikkelsen,7.1625
Edward Norton,7.161904761904762
Tom Hanks,7.160465116279069
Michael Madsen,7.159999999999999
Viggo Mortensen,7.1571428571428575
Ryan Gosling,7.155555555555556
Toni Collette,7.154545454545455
Joaquin Phoenix,7.152631578947369
Elizabeth Debicki,7.15
Dan Hedaya,7.15
Telly Savalas,7.15
Thomas Mann,7.15
Shannen Doherty,7.15
Darren McGavin,7.15
Colm Meaney,7.15
Bobby Cannavale,7.15
Jeremy Davies,7.15
Pablo Schreiber,7.15
Emilie de Ravin,7.15
Moises Arias,7.15
John Lone,7.15
Jason Flemyng,7.1499999999999995
Cathy Moriarty,7.1499999999999995
Roy Scheider,7.140000000000001
Stellan SkarsgÃ¥rd,7.140000000000001
Jeff Bridges,7.138888888888889
Heath Ledger,7.136363636363637
Ethan Hawke,7.134782608695652
Matt Stone,7.133333333333333
O'Shea Jackson Jr.,7.133333333333333
Jared Harris,7.133333333333333
Joseph Fiennes,7.133333333333333
Valeria Golino,7.133333333333333
Mary Elizabeth Mastrantonio,7.133333333333333
Pete Postlethwaite,7.133333333333333
Sebastian Koch,7.133333333333333
Ben Kingsley,7.130769230769231
Allison Janney,7.125
Jake Gyllenhaal,7.120833333333334
Jacob Tremblay,7.12
Chiwetel Ejiofor,7.12
Ron Livingston,7.12
Sissy Spacek,7.116666666666667
Robert Redford,7.113333333333333
Bill Murray,7.110526315789474
Jeremy Renner,7.109090909090909
Jodie Foster,7.107142857142857
Tim Robbins,7.107142857142857
Emma Watson,7.1066666666666665
John Hawkes,7.1000000000000005
Vincent Cassel,7.1000000000000005
Nathan Fillion,7.1000000000000005
Brie Larson,7.1000000000000005
Jeremy London,7.1
William Ragsdale,7.1
ZoÃ© FÃ©lix,7.1
MylÃ¨ne JampanoÃ¯,7.1
Mary McCormack,7.1
Stephan James,7.1
Catherine McCormack,7.1
Sari Lennick,7.1
Thomas M. Wright,7.1
Denis Lavant,7.1
David Ogden Stiers,7.1
Thomas M. KÃ¶ppl,7.1
Adarsh Gourav,7.1
Victor Rasuk,7.1
Rodger Bumpass,7.1
Catherine BÃ©gin,7.1
Martin Henderson,7.1
Macon Blair,7.1
Maura Tierney,7.1
Marc-Marvin Israel,7.1
Amy Hargreaves,7.1
Simon Pegg,7.1
Dany Boon,7.1
Michelle Ryan,7.1
David Wiberg,7.1
Finn Carter,7.1
Jin Zhang,7.1
Frank Acciarito,7.1
Chris Klein,7.1
BenoÃ®t Poelvoorde,7.1
Welker White,7.1
Amanda Bearse,7.1
Mike White,7.1
Florian Lukas,7.1
Merab Ninidze,7.1
Janel Parrish,7.1
Morjana Alaoui,7.1
Anika Noni Rose,7.1
Ruth Wilson,7.1
Martin Gabel,7.1
Stephen Lang,7.1
Tony D'Amario,7.1
Peter Dobson,7.1
Eric Dane,7.1
Lauren Tempany,7.1
Hee-jin Choi,7.1
William Atherton,7.1
Pete Davidson,7.1
Vincent Spano,7.1
Don Harvey,7.1
Laurent Lafitte,7.1
Leigh Taylor-Young,7.1
HervÃ© Sogne,7.1
Leo Fitzpatrick,7.1
Brian McElroy,7.1
Ang Phula Sherpa,7.1
Paul Bates,7.1
Dolly Wells,7.1
Joseph Pilato,7.1
Garcelle Beauvais,7.1
Hugo Weaving,7.1
Bel Powley,7.1
Xing Jin,7.1
Kelly Adams,7.1
Park Hae-il,7.1
Eli Goree,7.1
Gabriela Oltean,7.1
Robert Gustafsson,7.1
Ananda Everingham,7.1
Ricky Velez,7.1
Peter Meadows,7.1
Larry David,7.1
Kim Ok-bin,7.1
Kevin Conroy,7.1
Edward G. Robinson,7.1
Eminem,7.1
Edith Scob,7.1
Sean Biggerstaff,7.1
Cynthia Erivo,7.1
Richard Kind,7.1
Trini Alvarado,7.1
Blake Jenner,7.1
Kad Merad,7.1
Andy Garcia,7.1
Emmanuelle BÃ©art,7.1
AndrÃ© Vippolis,7.1
Harriet Dyer,7.1
Gregg Henry,7.1
Raad Rawi,7.1
Richard McCabe,7.1
Suzanna Hamilton,7.1
Gemma Chan,7.1
Douglas M. Griffin,7.1
Hadley Belle Miller,7.1
Angie Dickinson,7.1
Lana Condor,7.1
Curd JÃ¼rgens,7.1
Antonio Tarver,7.1
Philip Bosco,7.1
Anne Consigny,7.1
Summer Phoenix,7.1
Devin Ratray,7.1
John Tormey,7.1
Vanessa Kirby,7.1
Oliver Masucci,7.1
Alice Lowe,7.1
Steve Lantz,7.1
Natthaweeranuch Thongmee,7.1
Noah Schnapp,7.1
Iwar Wiklander,7.1
Emilia Jones,7.1
John Wood,7.1
Lynn Xiong,7.1
Ana de Armas,7.1
Noah Centineo,7.1
Barbara Bach,7.1
Vilhelm Blomgren,7.1
Caitlyn Rund,7.1
Achita Sikamana,7.1
Luing Andrews,7.1
Byun Hee-Bong,7.1
Robert Wagner,7.1
ValÃ©rie Bodson,7.1
Terry Alexander,7.1
Lori Cardille,7.1
Kelly Macdonald,7.1
Emilia Fox,7.1
Sterling Holloway,7.1
Oliver Jackson-Cohen,7.1
Denzel Washington,7.084375
John Hurt,7.083333333333333
Nick Nolte,7.083333333333333
Zachary Quinto,7.08
Jonathan Pryce,7.08
Marisa Tomei,7.08
Ben Foster,7.075
Jack O'Connell,7.075
David Carradine,7.075
Bruce Dern,7.075
Jared Leto,7.071428571428571
Helen Hunt,7.071428571428571
Russell Crowe,7.070833333333333
Daniel Radcliffe,7.070588235294117
Michiel Huisman,7.066666666666666
Harvey Keitel,7.066666666666666
Michael Pitt,7.066666666666666
Daisy Ridley,7.066666666666666
Haley Joel Osment,7.06
Jim Caviezel,7.057142857142857
Adam Driver,7.055555555555555
Daniel Craig,7.052941176470589
Hal Holbrook,7.050000000000001
Martin Sheen,7.050000000000001
Teri Hatcher,7.050000000000001
Astrid BergÃ¨s-Frisbey,7.050000000000001
Aidan Gillen,7.050000000000001
Rod Steiger,7.050000000000001
Michael Clarke Duncan,7.05
Samuel E. Wright,7.05
Rupert Friend,7.05
David Hemmings,7.05
Dom DeLuise,7.05
Michael York,7.05
Lupita Nyong'o,7.05
Kim Hunter,7.05
John Neville,7.05
Jesse Plemons,7.05
Kevin Peter Hall,7.05
Chris Sarandon,7.05
Keith David,7.05
Elijah Wood,7.046153846153846
Benicio Del Toro,7.044444444444444
Jay Baruchel,7.042857142857143
Juliette Lewis,7.042857142857143
Naomie Harris,7.040000000000001
Tom Sizemore,7.040000000000001
Alicia Vikander,7.0375
Cary Elwes,7.0375
Patrick Stewart,7.036363636363637
Rooney Mara,7.033333333333334
Greta Scacchi,7.033333333333334
Sean Astin,7.033333333333334
Richard E. Grant,7.033333333333334
Rebecca De Mornay,7.033333333333334
Derek Luke,7.033333333333334
David Strathairn,7.033333333333334
Logan Marshall-Green,7.033333333333334
Debra Winger,7.033333333333334
Harrison Ford,7.033333333333333
Matt Damon,7.032432432432432
Rachel McAdams,7.029999999999999
Hailee Steinfeld,7.028571428571429
Cate Blanchett,7.0285714285714285
Jonathan Rhys Meyers,7.025
Danny Glover,7.025
Ginnifer Goodwin,7.025
Sarah Polley,7.0200000000000005
Chadwick Boseman,7.0200000000000005
Hugh Jackman,7.015384615384615
Amy Adams,7.015000000000001
Patricia Clarkson,7.014285714285714
Cillian Murphy,7.011111111111111
Tobey Maguire,7.009090909090909
Robert De Niro,7.0055555555555555
Evangeline Lilly,7.0
Jonathan Bennett,7.0
Machine Gun Kelly,7.0
Lisa Thoreson,7.0
Kevin Balmore,7.0
Daniella Kertesz,7.0
ZoÃ« Bell,7.0
Chelsea Field,7.0
Darby Camp,7.0
Samuel Roukin,7.0
Maria Schneider,7.0
Vanessa Redgrave,7.0
Maria Michi,7.0
Taraji P. Henson,7.0
Thomas Ian Nicholas,7.0
John Forsythe,7.0
Sarah Silverman,7.0
Claudine Auger,7.0
Leon,7.0
JÃ©rÃ©mie Renier,7.0
Chris Pratt,7.0
Rufus Jones,7.0
Julia Sawalha,7.0
Eric Borsuk,7.0
Yaphet Kotto,7.0
Katie Leung,7.0
Mark Holton,7.0
Sarah Paulson,7.0
Daryl Hannah,7.0
Ludivine Sagnier,7.0
Kristen Connolly,7.0
Spencer Reinhard,7.0
Christian Stolte,7.0
Taylor Simpson,7.0
Knut NÃ¦rum,7.0
Barry G. Bernson,7.0
Justin Henry,7.0
Adolfo Celi,7.0
Samuel Le Bihan,7.0
Aasif Mandvi,7.0
Ellen Greene,7.0
Souheila Yacoub,7.0
JosÃ© Luis GarcÃ­a PÃ©rez,7.0
Salvatore Abbruzzese,7.0
Dakota Goyo,7.0
America Ferrera,7.0
Jean Louisa Kelly,7.0
Otto Jespersen,7.0
Inger Stevens,7.0
Scott Bakula,7.0
Robert Paterson,7.0
Isabelle Fuhrman,7.0
Asher Angel,7.0
Ivan MassaguÃ©,7.0
Norman Reedus,7.0
Alia Shawkat,7.0
Robert Stoltenberg,7.0
Ned Dowd,7.0
Zorion Eguileor,7.0
Archie Panjabi,7.0
Nao Ã”mori,7.0
James Russo,7.0
Anna Hutchison,7.0
Aaron Paul,7.0
Shin'ya Tsukamoto,7.0
Allen Covert,7.0
Shirley Jones,7.0
Warren Lipka,7.0
Romain Guillermic,7.0
Shriya Pilgaonkar,7.0
Mike Vogel,7.0
Carolina Main,7.0
Ken Leung,7.0
Elizabeth Daily,7.0
Pamela Blair,7.0
Shane Brolly,7.0
Pat Hingle,7.0
Doug E. Doug,7.0
Antonia San Juan,7.0
Richard Benjamin,7.0
George Carlin,7.0
Gianfelice Imparato,7.0
Sean Patrick Flanery,7.0
Asa Butterfield,7.0
Ary Abittan,7.0
Bob Ivy,7.0
Rabah Nait Oufella,7.0
Vincent Gardenia,7.0
Tracy Ann Oberman,7.0
Priscilla Presley,7.0
Phil Daniels,7.0
Bill Camp,7.0
AJ Michalka,7.0
Hayley Atwell,7.0
Helen Mirren,7.0
Penn Badgley,7.0
Don Alder,7.0
Herb Caillouet,7.0
Vinessa Shaw,7.0
Zachary David Cope,7.0
Hope Lange,7.0
Patrick L. Reyes,7.0
Garance Marillier,7.0
Alexis Zegerman,7.0
Sasha Lane,7.0
Iwan Rheon,7.0
Matthew Modine,7.0
Matthew Marsden,7.0
Jeff Garlin,7.0
Jerry Orbach,7.0
Michael Wincott,7.0
Matthew Davis,7.0
Billy Bob Thornton,7.0
Chantal Lauby,7.0
Ella Rumpf,7.0
David Keith,7.0
Cesar De LeÃ³n,7.0
Jessica Henwick,7.0
Jennifer Grey,7.0
Jemaine Clement,7.0
Charles Martin Smith,7.0
Jerry Reed,7.0
Elliot Page,6.985714285714286
Ryan Phillippe,6.983333333333333
Kodi Smit-McPhee,6.9799999999999995
Tye Sheridan,6.9799999999999995
Jessica Lange,6.9799999999999995
Jessica Chastain,6.978571428571429
Tim Allen,6.977777777777778
Guy Pearce,6.976470588235294
Matthias Schoenaerts,6.975
Adrien Brody,6.970000000000001
Bill Nighy,6.970000000000001
Kevin Bacon,6.9692307692307685
Ralph Fiennes,6.96875
Eva Gabor,6.966666666666666
Julie Hagerty,6.966666666666666
Sophie Okonedo,6.966666666666666
Melanie Lynskey,6.966666666666666
Crispin Glover,6.966666666666666
Lake Bell,6.966666666666666
Sam Neill,6.966666666666666
Laura Linney,6.966666666666666
Juliette Binoche,6.9625
Jennifer Connelly,6.9625
Matthew Goode,6.9624999999999995
Kyle Chandler,6.959999999999999
Catherine Keener,6.959999999999999
Emma Thompson,6.958333333333333
Tom Cruise,6.958333333333333
Viola Davis,6.957142857142857
Noomi Rapace,6.955555555555556
Casey Affleck,6.955555555555556
Manuela Velasco,6.95
Jena Malone,6.95
John Candy,6.95
Julian Sands,6.95
Olivier Martinez,6.95
Allison Williams,6.95
Dave Franco,6.95
Robert Hays,6.95
Mary Steenburgen,6.95
Peter Gallagher,6.95
James Woods,6.95
Sam Claflin,6.95
Jon Lovitz,6.95
Freddy RodrÃ­guez,6.95
Tracy Letts,6.95
Patricia Arquette,6.95
Claire Danes,6.95
Sarah Bolger,6.95
Rachel Brosnahan,6.949999999999999
Sandra Oh,6.949999999999999
Bruce Spence,6.949999999999999
Anthony Anderson,6.949999999999999
Keir Gilchrist,6.949999999999999
Warren Beatty,6.949999999999999
Michelle Williams,6.945454545454546
Michelle Pfeiffer,6.942857142857143
Gene Hackman,6.941666666666666
Scarlett Johansson,6.935714285714285
Amanda Peet,6.933333333333334
Josh Hamilton,6.933333333333334
Deborah Kara Unger,6.933333333333334
Aidan Quinn,6.933333333333334
Jon Hamm,6.933333333333334
Kelly McGillis,6.933333333333334
James Badge Dale,6.933333333333334
Michael J. Fox,6.93
Benedict Cumberbatch,6.928571428571429
Tony Todd,6.925000000000001
Gary Busey,6.925
Miranda Richardson,6.925
James Cromwell,6.925
Trey Parker,6.925
Jude Law,6.922727272727273
Daniel BrÃ¼hl,6.922222222222222
Natalie Portman,6.921052631578948
Andie MacDowell,6.916666666666667
Connie Nielsen,6.916666666666667
Chris Evans,6.915789473684211
Michael Sheen,6.914285714285714
John Turturro,6.914285714285714
Richard Dreyfuss,6.914285714285714
Eva Green,6.9125
Charlie Hunnam,6.9125
Bill Paxton,6.911111111111111
Marion Cotillard,6.9111111111111105
Anthony Hopkins,6.910714285714286
Morgan Freeman,6.91
Kurt Russell,6.904347826086957
Anne Archer,6.900000000000001
Laurence Fishburne,6.9
Gaspard Ulliel,6.9
Keith Coogan,6.9
Karolina Gruszka,6.9
Thomas Horn,6.9
Mie Hama,6.9
L. Scott Caldwell,6.9
Doug Jones,6.9
Tory Kittles,6.9
Stacy Martin,6.9
Cliff De Young,6.9
Gattlin Griffith,6.9
Stacey Dash,6.9
Lane Garrison,6.9
Harry Hamlin,6.9
Jason Marsden,6.9
Harold Ramis,6.9
Gary Poulter,6.9
Peter Riegert,6.9
Consuelo GÃ³mez,6.9
Dana Wheeler-Nicholson,6.9
Casey Gooden,6.9
William Mapother,6.9
Jim Cummings,6.9
Geraldine Page,6.9
Rhea Perlman,6.9
Marsha Mason,6.9
KiKi Layne,6.9
David Sullivan,6.9
Rebecca Robin,6.9
Efren Ramirez,6.9
Giuseppe Andrews,6.9
Ray Allen,6.9
Bob Balaban,6.9
Glynn Turman,6.9
Elle Macpherson,6.9
Marilyn Faith Hickey,6.9
Grace Van Patten,6.9
Grace Zabriskie,6.9
Ralph Ineson,6.9
Jim Varney,6.9
Corey Burton,6.9
Wilson Jermaine Heredia,6.9
Michelle Ferre,6.9
Gregory Hines,6.9
Chris Doubek,6.9
Greta Gerwig,6.9
Dyapa Gnaneshwar Reddy,6.9
Kate Dickie,6.9
Krzysztof Majchrzak,6.9
Joey Cramer,6.9
Rinko Kikuchi,6.9
Udo Kier,6.9
Shane Carruth,6.9
Joanne Samuel,6.9
Tommy Chong,6.9
Louis Gossett Jr.,6.9
Janet McTeer,6.9
Ally Sheedy,6.9
John Goodman,6.9
Melanie Griffith,6.9
Amanda Donohoe,6.9
McColm Cephas Jr.,6.9
Gabriel Basso,6.9
Anne-Marie Duff,6.9
Mirai Yamamoto,6.9
Xzibit,6.9
Jermaine Fowler,6.9
Lisa Boyle,6.9
Matthew-Lee Erlbach,6.9
Jon Gries,6.9
Betty Buckley,6.9
Jack Taylor,6.9
Mena Massoud,6.9
William Moseley,6.9
Jena Sims,6.9
Takeshi Kitano,6.9
Nadia FarÃ¨s,6.9
Alison Lohman,6.9
Aorere Paki,6.9
Jaime de Hoyos,6.9
Joe Don Baker,6.9
Tom Towles,6.9
Johnny Depp,6.9
Tom Waits,6.9
Elisabeth Moss,6.9
Mai Zetterling,6.9
Maia Brewton,6.9
Lionel Jeffries,6.9
Anna Chlumsky,6.9
Erica Yohn,6.9
Annette O'Toole,6.9
Dominique Swain,6.9
Dominique Pinon,6.9
Akiko Wakabayashi,6.9
Gary Cole,6.9
Carlos Gallardo,6.9
Katherine Waterston,6.9
Ty Simpkins,6.9
Bill Farmer,6.9
Joan Severance,6.9
Tim Roth,6.9
Liana Liberato,6.9
Sally Ann Howes,6.9
Carlos Sanz,6.9
Mara Wilson,6.9
Patricia Tallman,6.9
Jasen Fisher,6.9
Joshua McIvor,6.9
Hugh Keays-Byrne,6.9
Mark O'Brien,6.9
C. Thomas Howell,6.8999999999999995
Meryl Streep,6.8961538461538465
Vera Farmiga,6.890909090909091
Helena Bonham Carter,6.890000000000001
Michael Shannon,6.890000000000001
Margot Robbie,6.889999999999999
Woody Harrelson,6.889473684210526
Ewan McGregor,6.889285714285714
Mark Strong,6.885714285714286
Kevin Costner,6.885185185185185
Keira Knightley,6.885
Rebecca Ferguson,6.883333333333333
Taron Egerton,6.883333333333333
Tom Wilkinson,6.881818181818182
Jamie Bell,6.881818181818182
Jake Johnson,6.88
Keri Russell,6.88
Talia Shire,6.88
Eric Bana,6.88
Burt Young,6.88
John Gallagher Jr.,6.88
Patrick Swayze,6.88
Winona Ryder,6.88
Judge Reinhold,6.875
Daniel Stern,6.875
Maggie Gyllenhaal,6.875
Matthew Macfadyen,6.875
Eddie Redmayne,6.875
Hilary Swank,6.875
Oscar Isaac,6.872727272727272
Rachel Weisz,6.872222222222223
Geena Davis,6.871428571428572
Leonard Nimoy,6.871428571428572
Joan Cusack,6.871428571428572
Monica Bellucci,6.866666666666667
Gillian Anderson,6.866666666666667
Ian Holm,6.866666666666667
Taylor Kitsch,6.866666666666667
Nick Stahl,6.866666666666667
Heather Langenkamp,6.866666666666667
Emilia Clarke,6.866666666666667
John Cusack,6.866666666666666
Naomi Watts,6.865
Diane Keaton,6.861538461538462
Linda Hamilton,6.859999999999999
Dan Aykroyd,6.858333333333333
Billy Crystal,6.857142857142857
James Gandolfini,6.8500000000000005
Zach Galligan,6.85
Phoebe Cates,6.85
Garret Dillahunt,6.85
Henry Golding,6.85
Alex Russell,6.85
Tom Noonan,6.85
Aksel Hennie,6.85
Mireille Enos,6.85
Carice van Houten,6.85
Alec Baldwin,6.85
Jonah Bobo,6.85
Adrienne Barbeau,6.85
Jim Sturgess,6.844444444444445
Dennis Hopper,6.8428571428571425
Sam Rockwell,6.841666666666666
James McAvoy,6.841176470588235
Michelle Yeoh,6.840000000000001
Don Cheadle,6.840000000000001
Michael Douglas,6.838095238095238
Richard Madden,6.833333333333333
Clifton Collins Jr.,6.833333333333333
Walter Matthau,6.833333333333333
Sigourney Weaver,6.831578947368421
Felicity Jones,6.828571428571428
Mel Gibson,6.826666666666667
Greg Kinnear,6.825
William H. Macy,6.825
Mickey Rourke,6.825
Jada Pinkett Smith,6.825
Saoirse Ronan,6.822222222222222
Diego Luna,6.82
Vincent D'Onofrio,6.82
Emile Hirsch,6.82
Gwyneth Paltrow,6.81875
Hope Davis,6.816666666666666
Sean Connery,6.816
Michael Cera,6.814285714285715
Jennifer Lawrence,6.8133333333333335
Shirley MacLaine,6.8125
Sharlto Copley,6.8125
Shailene Woodley,6.8125
Willem Dafoe,6.812
Emily Mortimer,6.811111111111111
Anton Yelchin,6.8090909090909095
Meg Ryan,6.8090909090909095
Christopher Walken,6.8076923076923075
Steve Carell,6.803999999999999
Robert Patrick,6.800000000000001
Josh Brolin,6.800000000000001
Charlie Tahan,6.800000000000001
Cheech Marin,6.800000000000001
Don Johnson,6.800000000000001
Joe Mantegna,6.800000000000001
Joey Lauren Adams,6.800000000000001
Christoph Waltz,6.800000000000001
James Saito,6.8
Judith Roberts,6.8
Judith Hoag,6.8
Alison Pill,6.8
Sheri Moon Zombie,6.8
Laurie Holden,6.8
Nathalie Cox,6.8
Cara Gee,6.8
Jane Levy,6.8
Colin Firth,6.8
Jane Seymour,6.8
Anna Paquin,6.8
Ali Wong,6.8
Jack Palance,6.8
Bruce Boxleitner,6.8
Himesh Patel,6.8
Paul Scofield,6.8
Patton Oswalt,6.8
Owen Teague,6.8
Ossie Davis,6.8
June Diane Raphael,6.8
Ophelia Lovibond,6.8
Olivia Luccardi,6.8
Annabella Sciorra,6.8
Yvonne Zima,6.8
Susie Essman,6.8
JR Reed,6.8
Juliet Rylance,6.8
Jarrett Bruno,6.8
Dana L. Wilson,6.8
Noah Wiseman,6.8
Kyle Gass,6.8
Nikki Reed,6.8
Leah Ayres,6.8
Tom Astor,6.8
Jason Dohring,6.8
ChloÃ« Grace Moretz,6.8
Daniel Henshall,6.8
Sonya Davison,6.8
Sophia Di Martino,6.8
Daniel London,6.8
Anita Mui,6.8
Daniel Pollock,6.8
Amr Waked,6.8
Daryl Gilley,6.8
Maria Thelma SmÃ¡radÃ³ttir,6.8
Daniel Hansen,6.8
Jonathan Frakes,6.8
Danny Huston,6.8
Ashley Sommers,6.8
Christine Cavanaugh,6.8
Magda Szubanski,6.8
Stephen Lack,6.8
Louise Lasser,6.8
Tessa Thompson,6.8
Matt Schulze,6.8
Wesley Singerman,6.8
Katie Crown,6.8
Leonor Varela,6.8
Shu Qi,6.8
DeForest Kelley,6.8
Jason Mewes,6.8
Mike Judge,6.8
Shubham Chintamani,6.8
Brent Spiner,6.8
Ann-Margret,6.8
Adar Beck,6.8
Claire Crosby,6.8
Jeremy Sumpter,6.8
Tintrinai Thikhasuk,6.8
Jennifer O'Neill,6.8
Megan Park,6.8
Simon Helberg,6.8
MaÃ¯wenn,6.8
Max Charles,6.8
Jeremy Suarez,6.8
Lily Cole,6.8
Shubham Tukaram,6.8
Jacqueline McKenzie,6.8
Jon Cryer,6.8
Tara Ellis,6.8
Essie Davis,6.8
Ross Malinger,6.8
Philippe Nahon,6.8
Victoria Justice,6.8
Travis Fimmel,6.8
Rory Kinnear,6.8
Katharine Isabelle,6.8
Finn Wittrock,6.8
Dylan Baker,6.8
Sean Pertwee,6.8
FranÃ§oise Yip,6.8
Brad Renfro,6.8
Freddie Highmore,6.8
Robert Preston,6.8
Raj Arjun,6.8
Ken Stott,6.8
Ty Burrell,6.8
Ekaterina Samsonov,6.8
Karen Lynn Gorney,6.8
Richard Jordan,6.8
Rebekah Kennedy,6.8
Kevin Smith,6.8
Peter Weller,6.8
Anthony Michael Hall,6.8
Emily Perkins,6.8
Emma Cleasby,6.8
Donald Glover,6.8
Barry Miller,6.8
Sammi Davis,6.8
Kay E. Kuter,6.8
Donald Gibb,6.8
Helena Zengel,6.8
Cyril Raffaelli,6.8
Enrico Colantoni,6.8
Keegan-Michael Key,6.8
Val Kilmer,6.792307692307692
Henry Cavill,6.788888888888889
Chevy Chase,6.7875
Hugh Grant,6.786666666666666
Tom Hiddleston,6.783333333333334
James Spader,6.779999999999999
David Thewlis,6.777777777777778
Joel Edgerton,6.776923076923077
Chris Tucker,6.775
Ellen Burstyn,6.775
Bradley Cooper,6.768421052631578
Octavia Spencer,6.766666666666667
Brit Marling,6.766666666666667
Britt Robertson,6.766666666666667
Jeremy Piven,6.766666666666667
Julianne Moore,6.765384615384615
Emily Blunt,6.764705882352941
Gabriel Byrne,6.7625
Jamie Foxx,6.761111111111111
Jonah Hill,6.760000000000001
Jason Clarke,6.76
Robert Carlyle,6.76
Bruce Greenwood,6.757142857142857
Jon Voight,6.7555555555555555
Jeremy Irons,6.754545454545454
George Dzundza,6.75
Gary Sinise,6.75
Ashley Laurence,6.75
Clare Higgins,6.75
Adrian Grenier,6.75
Melissa Leo,6.75
Lou Diamond Phillips,6.75
Stockard Channing,6.75
Maya Rudolph,6.75
Maika Monroe,6.75
Jessica Lucas,6.75
Ethan Embry,6.75
Mckenna Grace,6.75
Mike Epps,6.75
Heather Graham,6.75
Lucas Hedges,6.75
Nadine Velazquez,6.75
Ray Romano,6.75
Alice Braga,6.75
Natascha McElhone,6.75
Alicia Silverstone,6.75
Robin Williams,6.747826086956521
Peter Sarsgaard,6.746666666666667
Michael Keaton,6.746153846153846
Lena Headey,6.74
John Krasinski,6.74
Max von Sydow,6.74
Keanu Reeves,6.7379310344827585
Matthew McConaughey,6.736666666666666
Charlize Theron,6.734615384615385
Craig Bierko,6.733333333333333
Kristin Scott Thomas,6.733333333333333
Terrence Howard,6.733333333333333
Sally Field,6.733333333333333
Alfred Molina,6.733333333333333
Selma Blair,6.733333333333333
Andrea Riseborough,6.733333333333333
Jenny Agutter,6.733333333333333
Susan Sarandon,6.73125
Maggie Smith,6.728571428571429
Kevin Kline,6.7250000000000005
John Cena,6.725
Ian McShane,6.722222222222222
Emilio Estevez,6.720000000000001
Rosario Dawson,6.720000000000001
Aaron Taylor-Johnson,6.720000000000001
John Malkovich,6.72
Clive Owen,6.71875
George Clooney,6.716666666666667
Gal Gadot,6.716666666666666
Denis Leary,6.716666666666666
Burt Reynolds,6.716666666666666
Hayden Christensen,6.716666666666666
Jesse Eisenberg,6.7153846153846155
Jeff Goldblum,6.714285714285714
Miles Teller,6.714285714285714
Chris Hemsworth,6.714285714285714
Nicholas Hoult,6.7125
Christina Ricci,6.7125
Armie Hammer,6.7125
Olivia Cooke,6.7
Dave Chappelle,6.7
Luke Hawker,6.7
Mark Addy,6.7
Donnie Yen,6.7
Jodie Whittaker,6.7
Lukas Schwarz,6.7
Ryder Lerum,6.7
Joanna Lumley,6.7
Don Pedro Colley,6.7
Cher,6.7
Tracey Ullman,6.7
Evie Thompson,6.7
Lukas Haas,6.7
Johnny Flynn,6.7
Ryan McCluskey,6.7
Jim Breuer,6.7
Sara Sohn,6.7
Sadie Sink,6.7
John Hannah,6.7
Joe Thomas,6.7
Daniel York,6.7
Britt Ekland,6.7
Chris Miller,6.7
Brady Noon,6.7
Sam Spruell,6.7
Hume Cronyn,6.7
Zuleikha Robinson,6.7
John Francis Daley,6.7
Marcin Kowalczyk,6.7
John Lynch,6.7
Maria Conchita Alonso,6.7
Maddie Lenton,6.7
Joey Lawrence,6.7
Alexandra Paul,6.7
Paul Terry,6.7
Peter Stebbings,6.7
John Stockwell,6.7
Don Ameche,6.7
Maleah Nipay-Padilla,6.7
Pedro Pascal,6.7
Diana Rigg,6.7
Fisher Stevens,6.7
Doris Hick,6.7
Maryam d'Abo,6.7
Rob Lowe,6.7
Garry Shandling,6.7
Naveen Andrews,6.7
Carole Bouquet,6.7
Jamal Woolard,6.7
Jamel Debbouze,6.7
James Buckley,6.7
Richard Lewis,6.7
Carmen Ejogo,6.7
Shohreh Aghdashloo,6.7
Debi Mazar,6.7
Janina Gavankar,6.7
Misa Uehara,6.7
Misaki ItÃ´,6.7
George Lazenby,6.7
Seamus Davey-Fitzpatrick,6.7
Billy Joel,6.7
James Cosmo,6.7
Akiva Schaffer,6.7
Caleb Emery,6.7
Rebecca Hall,6.7
Shia LaBeouf,6.7
Morgan Davies,6.7
Jamie Blackley,6.7
Jameson Parker,6.7
Blake Harrison,6.7
MÃ©lanie Laurent,6.7
Alex Esmail,6.7
Michel Muller,6.7
Jean-Baptiste Tabourin,6.7
Bryon Lerum,6.7
Izabella Scorupco,6.7
Ayelet Zurer,6.7
Oakes Fegley,6.7
Rory Culkin,6.7
Q'orianka Kilcher,6.7
Guillermo DÃ­az,6.7
Tom McGrath,6.7
Roger Rees,6.7
Max Records,6.7
Sean Patrick Thomas,6.7
Nikki Blonsky,6.7
Maxwell Caulfield,6.7
Greg Stebner,6.7
Tyne Daly,6.7
Derek Jeter,6.7
Graham Verchere,6.7
Rae Dawn Chong,6.7
Elias Schwarz,6.7
Megumi Okina,6.7
Al Madrigal,6.7
G.W. Bailey,6.7
Nicholas Downs,6.7
Sheila Kelley,6.7
Mia Sara,6.7
Alysson Paradis,6.7
Bai Ling,6.7
Donal Logue,6.7
Emily Rudd,6.7
Kathy Larson,6.7
William Petersen,6.7
Cristela Alonzo,6.7
Keith L. Williams,6.7
Linda Hunt,6.7
Christopher Knights,6.7
Angela Sarafyan,6.7
Lena Olin,6.7
Xander Berkeley,6.7
Lisa Blount,6.7
Christina Hendricks,6.7
June Squibb,6.7
Kiera Allen,6.7
Klaus Maria Brandauer,6.7
Karen Gillan,6.7
Judi Dench,6.7
Jorge Lendeborg Jr.,6.7
Josh Radnor,6.7
William Baldwin,6.7
Tao Okamoto,6.7
Kuno Becker,6.7
Andre Braugher,6.7
Jorma Taccone,6.7
JÃ³hannes Haukur JÃ³hannesson,6.7
Joshua Jackson,6.7
Susanne Wuest,6.7
Keith Gordon,6.7
Claude LulÃ©,6.7
Christine Taylor,6.7
Sheryl Lee,6.699999999999999
Jaeden Martell,6.699999999999999
Sienna Miller,6.699999999999999
Jessie Buckley,6.699999999999999
Matthew Fox,6.699999999999999
Carol Burnett,6.699999999999999
Gary Oldman,6.699999999999999
Jay Chandrasekhar,6.699999999999999
Dylan Minnette,6.699999999999999
Kevin Heffernan,6.699999999999999
Jim Carrey,6.695833333333333
Patrick Wilson,6.694117647058824
Chris Pine,6.693333333333333
Donald Sutherland,6.6923076923076925
Uma Thurman,6.691666666666666
John C. Reilly,6.691666666666666
Emma Stone,6.688888888888889
Michael B. Jordan,6.688888888888888
RenÃ©e Zellweger,6.685714285714285
Oprah Winfrey,6.683333333333334
Macaulay Culkin,6.683333333333334
Ralph Macchio,6.68
Jean Reno,6.68
Whoopi Goldberg,6.68
Forest Whitaker,6.677777777777778
Anjelica Huston,6.677777777777778
Peter Dinklage,6.675
Gugu Mbatha-Raw,6.675
Linda Cardellini,6.675
Bruce Willis,6.671794871794871
Bill Hader,6.671428571428572
Alison Brie,6.666666666666667
Embeth Davidtz,6.666666666666667
Kathleen Quinlan,6.666666666666667
Elizabeth Olsen,6.666666666666667
Richard Crenna,6.666666666666667
Ellen Barkin,6.666666666666667
Judah Lewis,6.666666666666667
Peter MacNicol,6.666666666666667
Richard Jenkins,6.666666666666667
Jason Alexander,6.666666666666667
Colm Feore,6.666666666666667
Regina King,6.666666666666667
Rhys Ifans,6.666666666666667
Martin Short,6.666666666666667
James Franco,6.664285714285714
Matt Dillon,6.6625
Brian Cox,6.659999999999999
Bridget Fonda,6.659999999999999
Ben Mendelsohn,6.659999999999999
Jeff Daniels,6.659999999999999
Lily James,6.6571428571428575
Kenneth Branagh,6.6571428571428575
Leigh Whannell,6.65
Marcia Gay Harden,6.65
Justin Pierce,6.65
Mia Wasikowska,6.65
Michael Fassbender,6.65
Melonie Diaz,6.65
Randall Park,6.65
Vicky Krieps,6.65
Joseph Cross,6.65
Andy Samberg,6.65
Toby Kebbell,6.65
Lori Petty,6.65
Rose Byrne,6.6499999999999995
Richard Gere,6.6466666666666665
Samuel L. Jackson,6.646341463414634
Michelle Monaghan,6.645454545454545
Rene Russo,6.645454545454545
Liam Neeson,6.645161290322581
John Cho,6.640000000000001
Ray Liotta,6.640000000000001
Anne Hathaway,6.639130434782608
Kirsten Dunst,6.635
Liev Schreiber,6.633333333333334
Charlotte Gainsbourg,6.633333333333333
Nathan Lane,6.633333333333333
Claire Forlani,6.633333333333333
Scott Speedman,6.633333333333333
Michael Rooker,6.633333333333333
Ryan Reynolds,6.632142857142857
Glenn Close,6.63
Roger Moore,6.628571428571428
Kathy Bates,6.622222222222223
Elle Fanning,6.622222222222223
Anthony Mackie,6.622222222222223
Dan Stevens,6.62
Will Smith,6.619230769230769
Anna Kendrick,6.61875
Zooey Deschanel,6.614285714285714
Nicole Kidman,6.613793103448276
Sacha Baron Cohen,6.6125
Steve Buscemi,6.609999999999999
Tommy Lee Jones,6.60952380952381
Colin Farrell,6.608695652173913
Clancy Brown,6.6000000000000005
Amy Poehler,6.6000000000000005
Will Patton,6.6000000000000005
Paula Patton,6.6000000000000005
John Boyega,6.6000000000000005
Jon Favreau,6.6000000000000005
Kathleen Turner,6.6000000000000005
Franky G,6.6
Oliver Cooper,6.6
Carey Lowell,6.6
Dale Midkiff,6.6
Devrim Evin,6.6
Fayssal Bazzi,6.6
Katharine Towne,6.6
Xavier Samuel,6.6
Michael Trucco,6.6
Charles Gray,6.6
Julie Andrews,6.6
Matt McCoy,6.6
Ruby Modine,6.6
Dana Carvey,6.6
Joss Ackland,6.6
Brooke Langton,6.6
Jovan Adepo,6.6
Diane Venora,6.6
Charles Grodin,6.6
Mathilde Ollivier,6.6
Kate Siegel,6.6
TchÃ©ky Karyo,6.6
Fred Gwynne,6.6
Michelle Trachtenberg,6.6
Mitchel Musso,6.6
Michael Showalter,6.6
Ted Danson,6.6
Robin McLeavy,6.6
Michael McDonald,6.6
Aileen Quinn,6.6
Timothy Hutton,6.6
Russell M. Haeuser,6.6
Fisayo Akinade,6.6
Lane Smith,6.6
Frances O'Connor,6.6
Storm Acheche SahlstrÃ¸m,6.6
Jack Madigan,6.6
CJ Adams,6.6
Nikolaj Coster-Waldau,6.6
Aaron Yoo,6.6
Yvonne Strahovski,6.6
Shea Adams,6.6
Jack Thompson,6.6
Jacob Pitts,6.6
Dennis StorhÃ¸i,6.6
Dane DeHaan,6.6
Michael Constantine,6.6
Kelly LeBrock,6.6
Norah Jones,6.6
Nia Vardalos,6.6
Kelly Lynch,6.6
Alden Ehrenreich,6.6
Catherine Hicks,6.6
Denise Crosby,6.6
Michael Jeter,6.6
Jerry Ferrara,6.6
Emayatzy Corinealdi,6.6
Wyatt Russell,6.6
Sasha Luss,6.6
Ashley Zukerman,6.6
Timothy Busfield,6.6
Jeffrey Thomas,6.6
Noah Emmerich,6.6
James Brolin,6.6
Beverley Mitchell,6.6
Maria Bakalova,6.6
Hiroyuki Sanada,6.6
Pete O'Herne,6.6
Taryn Manning,6.6
Seth MacFarlane,6.6
Rihanna,6.6
Joe Swanberg,6.6
Spencer Locke,6.6
Robert Carradine,6.6
Craig Smith,6.6
Abigail Breslin,6.6
Anthony Edwards,6.6
Radha Mitchell,6.6
Robert Davi,6.6
Lori Singer,6.6
Alex Sharp,6.6
Justice Smith,6.6
Juno Temple,6.6
Dominique Tipper,6.6
Riley Keough,6.6
Stephen Dillane,6.6
Sam Lerner,6.6
Chris Coppola,6.6
Sam Worthington,6.6
Kaley Cuoco,6.6
John Brumpton,6.6
Zoe Saldana,6.6
Kat Dennings,6.6
Sennia Nanua,6.6
John Corbett,6.6
Jonathan Daniel Brown,6.6
Scott Mechlowicz,6.6
Pierce Gagnon,6.6
Chris Messina,6.6
CÃ©cile de France,6.6
Haley Bennett,6.6
Stephanie Faracy,6.6
Stephen Colbert,6.6
Thomas Gibson,6.6
Constance Wu,6.6
Harris Dickinson,6.6
Jim Parsons,6.6
Rick Rossovich,6.6
Jill St. John,6.6
AndrÃ© 3000,6.6
Terry Potter,6.6
Jim Dunk,6.6
Ibrahim Celikkol,6.6
Ian Somerhalder,6.6
Lynn Collins,6.6
Ken Takakura,6.6
AJ Bowen,6.6
Kevin Connolly,6.6
Keenen Ivory Wayans,6.6
Mackenzie Davis,6.6
Parminder Nagra,6.6
Randy Couture,6.6
Craig Wasson,6.6
Ilan Mitchell-Smith,6.6
Sean Faris,6.6
Dilek Serbest,6.6
Tina Fey,6.599999999999999
MÃ©lanie Thierry,6.599999999999999
Paul Rudd,6.5928571428571425
Paul Walker,6.592307692307693
Elizabeth Banks,6.588888888888889
Alan Arkin,6.585714285714286
Ben Affleck,6.5814814814814815
John Lithgow,6.58
Pierce Brosnan,6.578571428571428
Tim Curry,6.575
William Shatner,6.575
Neil Patrick Harris,6.574999999999999
Maria Bello,6.571428571428571
Christian Clavier,6.566666666666666
Larenz Tate,6.566666666666666
Danny Trejo,6.566666666666666
Georgie Henley,6.566666666666666
Yasiin Bey,6.566666666666666
Rhona Mitra,6.566666666666666
Teresa Palmer,6.566666666666666
Dylan O'Brien,6.566666666666666
Monica Potter,6.566666666666666
Anthony LaPaglia,6.566666666666666
Rose McGowan,6.566666666666666
Patrick Dempsey,6.566666666666666
Clea DuVall,6.566666666666666
Timothy Dalton,6.566666666666666
Gerard Butler,6.561904761904763
CiarÃ¡n Hinds,6.56
Kiefer Sutherland,6.56
Danny DeVito,6.558333333333334
Max Irons,6.550000000000001
Mia Goth,6.550000000000001
Jay Hernandez,6.550000000000001
Kyle MacLachlan,6.550000000000001
Marton Csokas,6.550000000000001
Saffron Burrows,6.550000000000001
Ludacris,6.55
Abbie Cornish,6.55
Logan Lerman,6.55
David Kelly,6.55
Nathan Jones,6.55
Tom Kenny,6.55
Giovanni Ribisi,6.55
James Van Der Beek,6.55
Rosie Perez,6.55
BeyoncÃ©,6.55
Obba BabatundÃ©,6.55
Robert Loggia,6.55
Kathryn Erbe,6.55
Mel Brooks,6.55
Jeremy Sisto,6.55
Justin Timberlake,6.55
Srdjan 'Zika' Todorovic,6.55
Rosamund Pike,6.544444444444444
Amy Smart,6.542857142857143
Timothy Olyphant,6.542857142857143
Josh Hartnett,6.536363636363637
Mark Wahlberg,6.534285714285714
Rosemarie DeWitt,6.533333333333334
Russell Brand,6.533333333333334
Jessica Brown Findlay,6.533333333333334
Paul Reubens,6.533333333333334
Tony Jaa,6.533333333333334
Alice Eve,6.533333333333334
Charlotte Le Bon,6.533333333333334
Kris Kristofferson,6.533333333333334
Olivia Thirlby,6.533333333333334
Will Forte,6.533333333333334
Matthew Broderick,6.5307692307692315
Zach Braff,6.525
Scoot McNairy,6.525
Kim Basinger,6.525
Demi Moore,6.5249999999999995
Angelina Jolie,6.523809523809524
Kristen Wiig,6.523076923076923
Liam Hemsworth,6.522222222222222
Maggie Grace,6.5200000000000005
Liv Tyler,6.5200000000000005
Dakota Fanning,6.5181818181818185
Dominic Cooper,6.516666666666667
Josh Gad,6.516666666666667
Frank Langella,6.514285714285714
Dermot Mulroney,6.511111111111111
Kate Beckinsale,6.50625
Ricki Lake,6.5
George Finn,6.5
Betty Gilpin,6.5
Idris Elba,6.5
Wayne Knight,6.5
Jason Biggs,6.5
Dian Bachar,6.5
Roselyn Sanchez,6.5
January Jones,6.5
Damaine Radcliff,6.5
Connor Paolo,6.5
Glen Powell,6.5
Elisabeth Shue,6.5
Gemma Jones,6.5
Alexis Bledel,6.5
Kevin Pollak,6.5
Courtney B. Vance,6.5
Winston Duke,6.5
Nestor Serrano,6.5
Jackson Nicoll,6.5
Dania Ramirez,6.5
Nick Damici,6.5
Natalie Martinez,6.5
Dennis Alexio,6.5
Halston Sage,6.5
Scott Porter,6.5
Ricky Gervais,6.5
Doug Bradley,6.5
Philippe Torreton,6.5
Elizabeth Hurley,6.5
Ron Eldard,6.5
Dennis Chan,6.5
Wallace Shawn,6.5
Boris Isakovic,6.5
Jackie Chan,6.5
Heather Donahue,6.5
Kim Staunton,6.5
Serena Scott Thomas,6.5
Nancy Travis,6.5
Gregorio,6.5
Shiloh Fernandez,6.5
Aaron Moorhead,6.5
Laura Harris,6.5
Julia Ormond,6.5
Shauna Macdonald,6.5
Taylor Schilling,6.5
Justin Benson,6.5
Frank Grillo,6.5
Penelope Ann Miller,6.5
Alex Veadov,6.5
Clarke Peters,6.5
Ben Schwartz,6.5
Mae Whitman,6.5
Charlie Korsmo,6.5
John Ortiz,6.5
Jeanne Tripplehorn,6.5
Jonathan D. Mellor,6.5
Eric Stonestreet,6.5
Louis C.K.,6.5
Jennifer Decker,6.5
Melody Anderson,6.5
Chiara Aurelia,6.5
Ruth Negga,6.5
Rufus Sewell,6.5
Jf Davis,6.5
Theresa Randle,6.5
Amy Locane,6.5
Matt O'Leary,6.5
Danny Dyer,6.5
Wendi McLendon-Covey,6.5
Samara Lee,6.5
Charles Napier,6.5
Michael C. Williams,6.5
Bella Thorne,6.5
D.B. Sweeney,6.5
Madison Ingoldsby,6.5
Catherine Zeta-Jones,6.5
Linus Roache,6.5
Lonette McKee,6.5
John Mills,6.5
Emma Wiklund,6.5
Kathryn Newton,6.5
Michael Jordan,6.5
Toby Jones,6.5
Catherine Chan,6.5
Ruth Livier,6.5
Samara Weaving,6.5
Jenna Dewan,6.5
Luke Bracey,6.5
Ã“scar Zafra,6.5
Vicki Lewis,6.5
Sophia Myles,6.5
Cynthy Wu,6.5
Tim McInnerny,6.5
Maud Adams,6.5
Amanda Crew,6.5
Andi Matichak,6.5
Lucas Black,6.5
Charles Cyphers,6.5
Sam J. Jones,6.5
Louis Jourdan,6.5
Josh Zuckerman,6.5
Jordan Carlos,6.5
Emily Meade,6.5
Seth Rogen,6.4944444444444445
Salma Hayek,6.49
Ray Winstone,6.483333333333333
Luke Evans,6.4799999999999995
Luke Wilson,6.477777777777778
Mary Elizabeth Winstead,6.475
Paul Bettany,6.475
Jim Broadbent,6.475
Debra Messing,6.475
Goldie Hawn,6.475
Judy Greer,6.475
Steve Zahn,6.471428571428571
Aaron Eckhart,6.4692307692307685
Lily Collins,6.466666666666667
Drew Barrymore,6.466666666666667
Bridget Moynahan,6.466666666666666
Anna Friel,6.466666666666666
Steve Coogan,6.466666666666666
Aubrey Plaza,6.466666666666666
Dougray Scott,6.466666666666666
Dina Meyer,6.466666666666666
Paul Giamatti,6.464285714285714
Eva Mendes,6.459999999999999
Jet Li,6.458333333333333
Ving Rhames,6.457142857142857
Steve Martin,6.45625
Jason Sudeikis,6.455555555555556
Julia Roberts,6.455555555555556
Channing Tatum,6.455555555555556
Bernie Mac,6.45
Dominic West,6.45
Jacinda Barrett,6.45
Eva Longoria,6.45
Julie Benz,6.45
Olga Kurylenko,6.45
Malcolm McDowell,6.45
Katee Sackhoff,6.45
Wendy Crewson,6.45
Anya Taylor-Joy,6.45
Tang Wei,6.45
Devon Sawa,6.45
Randy Quaid,6.45
Joshua Leonard,6.45
Alex Frost,6.45
Edgar RamÃ­rez,6.45
Jeffrey Combs,6.45
Tony Goldwyn,6.45
Caren Pistorius,6.45
Blake Lively,6.45
David Hyde Pierce,6.449999999999999
Emma Fitzpatrick,6.449999999999999
Ray Wise,6.449999999999999
Kelsey Grammer,6.449999999999999
Bill Moseley,6.449999999999999
Sid Haig,6.449999999999999
Chow Yun-Fat,6.442857142857143
Sam Riley,6.44
Jack Black,6.438888888888889
Charlie Sheen,6.4375
Leslie Nielsen,6.4375
Zach Galifianakis,6.4363636363636365
Donald Pleasence,6.433333333333334
Emmy Rossum,6.433333333333334
FrÃ©dÃ©ric Diefenthal,6.433333333333334
Samy Naceri,6.433333333333334
Trevante Rhodes,6.433333333333334
David Schwimmer,6.433333333333334
RJ Cyler,6.433333333333334
Alex Winter,6.433333333333334
David Belle,6.433333333333334
Kumail Nanjiani,6.433333333333334
Cameron Bright,6.433333333333334
Dennis Quaid,6.431578947368421
Jennifer Aniston,6.429411764705883
Jason Bateman,6.425
Mark Duplass,6.425
Dave Bautista,6.425
Sandra Bullock,6.425
Antonio Banderas,6.423809523809524
Mira Sorvino,6.42
Will Ferrell,6.419047619047619
Josh Hutcherson,6.418181818181818
Bryce Dallas Howard,6.416666666666667
Vin Diesel,6.415789473684211
Bill Pullman,6.414285714285714
Mariska Hargitay,6.4
Art Carney,6.4
Mark Dacascos,6.4
Mary Woronov,6.4
Paul Guilfoyle,6.4
Jessica Rothe,6.4
Jessica Szohr,6.4
Patrick Brice,6.4
Mario Zuniga Benavides,6.4
Mark Stewart,6.4
Tony Hale,6.4
Jocelin Donahue,6.4
David Eigenberg,6.4
Howie Mandel,6.4
Jillian Bell,6.4
Whitney Able,6.4
Matt Frewer,6.4
Mariya Poroshina,6.4
Brion James,6.4
Skandar Keynes,6.4
Chase Williamson,6.4
Frederick Schmidt,6.4
Kathryn McCormick,6.4
Erin Moriarty,6.4
Konstantin Khabenskiy,6.4
Lio Tipton,6.4
Sofia Black-D'Elia,6.4
Patrick Warburton,6.4
Jessie T. Usher,6.4
David Caruso,6.4
Ian Mongrain,6.4
Penelope Wilton,6.4
Sharni Vinson,6.4
Andrew McCarthy,6.4
Tara Strong,6.4
Zach Gilford,6.4
Alexander Godunov,6.4
Lily Rabe,6.4
Rachel Bilson,6.4
Christian Camargo,6.4
Delroy Lindo,6.4
Jean Smart,6.4
Alex Etel,6.4
William Sanderson,6.4
Vincent Colombe,6.4
Andrea Roth,6.4
David Oyelowo,6.4
MyAnna Buring,6.4
Taylor Russell,6.4
Jeannine Taylor,6.4
Blythe Danner,6.4
Nancy Allen,6.4
Adam Goldberg,6.4
Catherine Mary Stewart,6.4
David Tennant,6.4
Juan FernÃ¡ndez,6.4
Richard Roundtree,6.4
Ruby Barnhill,6.4
Lucy Capri,6.4
Sean Bean,6.4
Adrienne King,6.4
Luis GuzmÃ¡n,6.4
Jon Stewart,6.4
Christina Aguilera,6.4
David Warner,6.4
Jay Pharoah,6.4
Jay Chou,6.4
Taylor Swift,6.4
Kevin Janssens,6.4
Deborah Rush,6.4
Jay Ellis,6.4
Kasia Smutniak,6.4
Fairuza Balk,6.4
Bob Newhart,6.4
Lloyd Bridges,6.4
Rachael Taylor,6.4
Jackie Earle Haley,6.4
Amy Landecker,6.4
Rob Mayes,6.4
Donnie Wahlberg,6.4
Dan Byrd,6.4
Colin Friels,6.4
John Amos,6.4
Roger Dale Floyd,6.4
Harry Simpson,6.4
Vladimir Menshov,6.4
Steve Pemberton,6.4
Shaun Benson,6.4
Bree Turner,6.4
Jonathan Silverman,6.4
Hector Elizondo,6.4
LL Cool J,6.4
Virginia Gardner,6.4
Sebastian Stan,6.4
Portia Doubleday,6.4
Damon Wayans,6.4
Shelley Long,6.4
Ted Levine,6.4
Shelley Hennig,6.4
Simon Callow,6.4
Stephen Gevedon,6.4
Rab Affleck,6.4
Kiana Madeira,6.4
Neil Maskell,6.4
Damon Wayans Jr.,6.4
Celeste O'Connor,6.4
Francesca Annis,6.4
Emma Roberts,6.3999999999999995
Will Arnett,6.3999999999999995
Zachary Levi,6.3999999999999995
Douglas Booth,6.3999999999999995
Jonathan Tucker,6.3999999999999995
Common,6.3999999999999995
Rodrigo Santoro,6.3999999999999995
Cobie Smulders,6.3999999999999995
Diane Lane,6.3999999999999995
Charles Dance,6.3999999999999995
Ari Graynor,6.3999999999999995
Brittany Murphy,6.3999999999999995
Imogen Poots,6.3999999999999995
Kevin Hart,6.391666666666667
Isla Fisher,6.383333333333333
Thandiwe Newton,6.383333333333333
Jennifer Garner,6.38
Sylvester Stallone,6.375
Michael PeÃ±a,6.375
Kaya Scodelario,6.375
Janeane Garofalo,6.375
Halle Berry,6.369230769230769
TÃ©a Leoni,6.366666666666667
Jason Isaacs,6.366666666666667
Amber Tamblyn,6.366666666666667
PenÃ©lope Cruz,6.364285714285714
Wesley Snipes,6.363636363636363
Vince Vaughn,6.363157894736842
Owen Wilson,6.362068965517241
Bob Hoskins,6.36
Topher Grace,6.36
Jamie Lee Curtis,6.354545454545455
Josh Lucas,6.3500000000000005
Jason Statham,6.3500000000000005
Meg Foster,6.35
Adam Scott,6.35
Logan Miller,6.35
Ashton Sanders,6.35
Mekhi Phifer,6.35
Arsenio Hall,6.35
Cameron Diaz,6.35
Jack Reynor,6.35
Jon Heder,6.35
Cara Delevingne,6.35
Chris Farley,6.35
Ike Barinholtz,6.35
David Duchovny,6.35
Benjamin Bratt,6.35
Chris Brown,6.35
Joel Kinnaman,6.35
Jason Segel,6.344444444444445
David Spade,6.34
Mila Kunis,6.3375
Amanda Seyfried,6.335714285714286
Kate Bosworth,6.333333333333333
Jennifer Carpenter,6.333333333333333
Jaden Smith,6.333333333333333
Kathy Najimy,6.333333333333333
Millie Bobby Brown,6.333333333333333
Amber Heard,6.333333333333333
Kristen Bell,6.33
Nicolas Cage,6.3279069767441865
Jeffrey Dean Morgan,6.325
Amanda Bynes,6.325
Robbie Amell,6.325
Rowan Atkinson,6.32
James Marsden,6.314285714285715
Courteney Cox,6.314285714285715
Reese Witherspoon,6.310526315789474
Ben Stiller,6.303999999999999
Michael Jai White,6.300000000000001
Cleopatra Coleman,6.300000000000001
Paul Higgins,6.3
Laura Ramsey,6.3
Angela Lansbury,6.3
Richard Elfyn,6.3
Michael Lonsdale,6.3
Gary Kemp,6.3
Patrick Bergin,6.3
Maddie Hasson,6.3
Jeff Branson,6.3
Mandy Moore,6.3
Tina Turner,6.3
Brittany Ashton Holmes,6.3
Andrew Cherry,6.3
Danielle Nicolet,6.3
Jenny Skavlan,6.3
Pilou AsbÃ¦k,6.3
Miku Patricia Martineau,6.3
Whitney Houston,6.3
Ashley Scott,6.3
Arsher Ali,6.3
Eric Stuart,6.3
Ned Dennehy,6.3
Ã“scar Jaenada,6.3
Rachael Lillis,6.3
Rain,6.3
Chris Pontius,6.3
Steve Lemme,6.3
Claire Foy,6.3
Travis Tedford,6.3
Ki Hong Lee,6.3
Sherry Miller,6.3
Mark Fredrichs,6.3
Charlotte Frogner,6.3
Tawny Kitaen,6.3
Jake Brennan,6.3
Method Man,6.3
Kris Lemche,6.3
Thomas Brodie-Sangster,6.3
Sam Elliott,6.3
Violante Placido,6.3
Lois Chiles,6.3
Dylan Schmid,6.3
Rick Yune,6.3
Tanya Roberts,6.3
Kristanna Loken,6.3
Joey King,6.3
Robert James-Collier,6.3
Jimmy Kimmel,6.3
Angelo Josue Lozano Corzo,6.3
Peter Greene,6.3
Ko Shibasaki,6.3
Molly Parker,6.3
Alexander SkarsgÃ¥rd,6.3
Michael Ealy,6.3
George Young,6.3
Ruairi O'Connor,6.3
Jack Lowden,6.3
William Sadler,6.3
Andrew Howard,6.3
Tyrese Gibson,6.3
Kevin Anderson,6.3
India Eisley,6.3
Veronica Taylor,6.3
Kate Nauta,6.3
Redman,6.3
Odeya Rush,6.3
Joey Morgan,6.3
Simone Landers,6.3
Jeremy McWilliams,6.3
Adrian Zmed,6.3
Jordan Peele,6.3
Lynsey Taylor Mackay,6.3
Sarah Butler,6.3
Bug Hall,6.3
Cameron Seely,6.3
Gillian Jacobs,6.3
Courtney Chase,6.3
Marlee Jane McPherson-Dobbins,6.3
Katheryn Winnick,6.3
Dan O'Herlihy,6.3
Walton Goggins,6.3
Colin Hanks,6.3
Jeppe Beck Laursen,6.3
AJ Meijer,6.3
Sharon Stone,6.291666666666667
Carla Gugino,6.288888888888889
Neve Campbell,6.285714285714286
Billy Connolly,6.283333333333334
Ed Helms,6.283333333333334
Julia Stiles,6.283333333333334
John Leguizamo,6.28
Selena Gomez,6.279999999999999
Kevin Zegers,6.275
Arnold Schwarzenegger,6.271428571428571
LaKeith Stanfield,6.266666666666667
Lisa Kudrow,6.266666666666667
Alessandro Nivola,6.266666666666667
Hank Azaria,6.266666666666667
Dwayne Johnson,6.259375
David Arquette,6.257142857142857
Elias Koteas,6.25
Samantha Mathis,6.25
Josh Stewart,6.25
Josh Duhamel,6.25
Rafe Spall,6.25
Teri Polo,6.25
Kyle Gallner,6.25
Olympia Dukakis,6.25
Milo Ventimiglia,6.25
Benjamin Walker,6.25
Taye Diggs,6.25
Betsy Palmer,6.25
Henry Winkler,6.25
Paz Vega,6.25
James DeBello,6.25
Jonathan Majors,6.25
Michael Angarano,6.25
Alex Vincent,6.25
Jenna Elfman,6.25
Justin Long,6.242857142857143
Chris O'Donnell,6.24
Bonnie Hunt,6.24
Gemma Arterton,6.24
Gaby Hoffmann,6.233333333333333
Mike Myers,6.233333333333333
Pat Morita,6.233333333333333
Adam Brody,6.233333333333333
Charlie Day,6.233333333333333
Karl Urban,6.233333333333333
John Travolta,6.229166666666667
Melissa George,6.225
Gong Li,6.225
Rainn Wilson,6.225
Adam Devine,6.225
Thomas Haden Church,6.225
Michael Vartan,6.225
Famke Janssen,6.220000000000001
Zac Efron,6.22
Christian Slater,6.2125
Michelle Rodriguez,6.211111111111111
Olivia Wilde,6.21
Emilio Rivera,6.2
Ben Miller,6.2
Robert Hoffman,6.2
Bette Midler,6.2
Bijou Phillips,6.2
Tangie Ambrose,6.2
Rosie Huntington-Whiteley,6.2
Kestie Morassi,6.2
Kelley,6.2
Gabriel Rush,6.2
Elizabeth Reaser,6.2
Robert Capron,6.2
Ben Feldman,6.2
Vicky McClure,6.2
Fann Wong,6.2
Elden Henson,6.2
Kelly Preston,6.2
Rick Malambri,6.2
Benjamin Flores Jr.,6.2
Everett McGill,6.2
Garrett Hedlund,6.2
Ryan Kwanten,6.2
Gemma Ward,6.2
Rory J. Saper,6.2
Ulrich Tukur,6.2
Ben Chaplin,6.2
Frank Whaley,6.2
Edwin Hodge,6.2
Sandra Escacena,6.2
Sally Kirkland,6.2
Christian Stevens,6.2
Taylor Momsen,6.2
Olivia DeJonge,6.2
Matt Long,6.2
Shawnee Smith,6.2
Alice Englert,6.2
Bryan Greenberg,6.2
Desmond Harrington,6.2
Jack Davenport,6.2
Bruna GonzÃ¡lez,6.2
Dana Hill,6.2
Oded Fehr,6.2
Oleksandr Reshetilov,6.2
Annalise Basso,6.2
Olivia Scott Welch,6.2
Margaret Colin,6.2
Irma P. Hall,6.2
Mark Herrier,6.2
Pam Grier,6.2
Pamela Reed,6.2
Angus Macfadyen,6.2
Marie Maskell,6.2
Agata Buzek,6.2
Christopher Abbott,6.2
A.J. Cook,6.2
Briana Evigan,6.2
Zachary Gordon,6.2
Austin Stowell,6.2
Lara Flynn Boyle,6.2
Matthew Perry,6.2
Natalie Imbruglia,6.2
Michael Garza,6.2
Michael Nouri,6.2
Cassie Ventura,6.2
Cassandra Magrath,6.2
Leo Lee,6.2
MicheÃ¡l Richardson,6.2
Austin Abrams,6.2
Jason Spevack,6.2
Caroline Dhavernas,6.2
Simon Baker,6.2
Andrew Bryniarski,6.2
Sullivan Stapleton,6.2
Jennifer Beals,6.2
Wyatt Knight,6.2
Deanna Dunagan,6.2
Leslie Bibb,6.2
Claudia Placer,6.2
Chandler Canterbury,6.2
Daniel Brocklebank,6.2
Megan Charpentier,6.2
Lauren Graham,6.2
Lilia Skala,6.2
Maude Apatow,6.2
Stanley Tucci,6.2
David Koechner,6.2
Mare Winningham,6.2
Adam Sevani,6.2
Phi Vu,6.2
Jon Abrahams,6.2
Gina La Piana,6.2
Kevin McKidd,6.2
Lulu Wilson,6.2
Bokeem Woodbine,6.2
Gina Philips,6.2
Mako,6.2
Gregory Smith,6.2
Rachael Harris,6.2
Rade Serbedzija,6.2
Christina Jastrzembska,6.2
Ed Oxenbould,6.2
Raquel Gardner,6.2
Raquel Castro,6.2
Steve Oedekerk,6.2
Madeleine Arthur,6.2
Zoe Margaret Colletti,6.2
Heather Locklear,6.2
Chris Kattan,6.2
Yancy Butler,6.2
Perdita Weeks,6.2
Dan Monahan,6.2
Jon Tenney,6.199999999999999
Dianna Agron,6.199999999999999
Raoul Bova,6.199999999999999
Ice Cube,6.1899999999999995
Rick Moranis,6.183333333333334
Danny McBride,6.18
Joely Richardson,6.175
William Hurt,6.175
Cole Hauser,6.175
Emily Browning,6.175
Kate Hudson,6.175
David Harbour,6.166666666666667
Sofia Boutella,6.166666666666667
Vinnie Jones,6.166666666666667
AnnaSophia Robb,6.166666666666667
Julianne Hough,6.166666666666667
Ray Stevenson,6.16
Leslie Mann,6.155555555555555
Gabriel Bateman,6.15
Michael C. Hall,6.15
Mark Harmon,6.15
Raul Julia,6.15
Hugh Laurie,6.15
Jesse Bradford,6.15
Edward Herrmann,6.15
Billy Campbell,6.15
Ryan Simpkins,6.15
Barry Pepper,6.14
Robert Pattinson,6.135714285714286
Kathryn Hahn,6.133333333333333
Christopher McDonald,6.133333333333333
Kyra Sedgwick,6.133333333333333
Richard Pryor,6.133333333333333
Seann William Scott,6.133333333333333
Christina Applegate,6.133333333333333
Steven Seagal,6.133333333333333
Israel Broussard,6.133333333333333
Kate McKinnon,6.133333333333333
Adam Sandler,6.132432432432433
Virginia Madsen,6.128571428571428
Rebel Wilson,6.128571428571428
Brenton Thwaites,6.125
Ben Barnes,6.125
Ashley Judd,6.125
Zoey Deutch,6.12
Ashton Kutcher,6.107692307692308
Eddie Murphy,6.1033333333333335
Sarah Gadon,6.1000000000000005
Nat Wolff,6.1000000000000005
Sanaa Lathan,6.1000000000000005
Jai Courtney,6.1000000000000005
Linda Kozlowski,6.1
Beau Knapp,6.1
Beau Gadsdon,6.1
Daniel Hugh Kelly,6.1
America Olivo,6.1
Stefanie Scott,6.1
John Furey,6.1
Jim Belushi,6.1
Sigrid Bouaziz,6.1
Jeffrey Wright,6.1
Afiya Bennett,6.1
Tiger Hu Chen,6.1
Danny Pintauro,6.1
Manuel Garcia-Rulfo,6.1
Jessica McNamee,6.1
Josh Pais,6.1
Maurice Evans,6.1
Madonna,6.1
Snoop Dogg,6.1
Maarten Stevenson,6.1
Skyler Gisondo,6.1
Josh Lawson,6.1
Jerry Seinfeld,6.1
Aldis Hodge,6.1
Amy Steel,6.1
Lewis Tan,6.1
John Meillon,6.1
Lia McHugh,6.1
Sarah Mahoney,6.1
Madison Pettis,6.1
George Lopez,6.1
Sarah Roemer,6.1
Connie Britton,6.1
Penny Eizenga,6.1
Hera Hilmar,6.1
Gabriella Wilde,6.1
Klara Kristin,6.1
Paul Hogan,6.1
Hugh Dancy,6.1
Adam Beach,6.1
Robert Knepper,6.1
Sverrir Gudnason,6.1
Pat E. Johnson,6.1
Paolo Bonacelli,6.1
Owen Vaccaro,6.1
Orlando Jones,6.1
Brooklyn Decker,6.1
Omar Elba,6.1
Michael Tucker,6.1
Peri Baumeister,6.1
Sergio Peris-Mencheta,6.1
Adria Arjona,6.1
Dakota Blue Richards,6.1
Edward Burns,6.1
Karl Glusman,6.1
Gina Gershon,6.1
Birgitte Hjort SÃ¸rensen,6.1
Geoffrey Blake,6.1
Richard Roxburgh,6.1
Karen Mok,6.1
Blanka GyÃ¶rfi-TÃ³th,6.1
Karen Black,6.1
Vilma SzÃ©csi,6.1
Rachel Roberts,6.1
Rachel Hurd-Wood,6.1
Sean Rogerson,6.1
Alexander Morton,6.1
Alexander Scheer,6.1
Ashleigh Gryzko,6.1
Alice Barrett,6.1
Robin Tunney,6.1
Callum Blue,6.1
Natalya Rudakova,6.1
Aomi Muyock,6.1
Lars Eidinger,6.1
Miko Hughes,6.1
James Franciscus,6.1
James Hampton,6.1
James Purefoy,6.1
Ben Wilkinson,6.1
Daniel Baldwin,6.1
Morgan Allen,6.1
Morfydd Clark,6.1
Jane Fonda,6.1
Dee Wallace,6.1
Lea Thompson,6.1
Larry the Cable Guy,6.1
Sarita Choudhury,6.1
Carl Anton Koch,6.1
Nora Arnezeder,6.1
Susanna Thompson,6.1
Jason Scott Lee,6.1
Jackson A. Dunn,6.1
Sathyaraj,6.1
Nick Swardson,6.1
Julie Bowen,6.1
Susan Ursitti,6.1
Eliza Dushku,6.1
Eliza Bennett,6.1
Jason Patric,6.099999999999999
Melissa McCarthy,6.088888888888889
Chris Rock,6.0875
Thomas Jane,6.0875
Ali Larter,6.08
Kerry Washington,6.08
Jessica Biel,6.075
Nia Long,6.075
Olivia Munn,6.066666666666666
Dan Fogler,6.06
Wes Bentley,6.050000000000001
Tika Sumpter,6.050000000000001
Tim Matheson,6.050000000000001
50 Cent,6.050000000000001
Kerr Smith,6.050000000000001
Katrina Kaif,6.050000000000001
Jodelle Ferland,6.050000000000001
Elisha Cuthbert,6.050000000000001
Asia Argento,6.050000000000001
Vanessa Williams,6.05
Brendan Fraser,6.05
Brittany Snow,6.05
Johnny Knoxville,6.05
Wentworth Miller,6.05
James Ransone,6.05
Lauren Cohan,6.05
Dax Shepard,6.04
Lizzy Caplan,6.033333333333334
Margot Kidder,6.033333333333334
Gabrielle Union,6.033333333333334
Kim Cattrall,6.025
Alex Pettyfer,6.0249999999999995
Jean-Claude Van Damme,6.0125
Jamie RenÃ©e Smith,6.0
Judie Aronson,6.0
Martin Lawrence,6.0
Tyler Perry,6.0
Ashley Key,6.0
Jennifer Tilly,6.0
Aimee McKay,6.0
Dominique Fishback,6.0
Yancey Arias,6.0
Natasha Richardson,6.0
Jason James Richter,6.0
David Kagen,6.0
Joel Courtney,6.0
Allegra Masters,6.0
Ming-Na Wen,6.0
Kristen Schaal,6.0
Peter Barton,6.0
Zachery Ty Bryan,6.0
Michelan Sisti,6.0
John Heard,6.0
Ally Walker,6.0
Thom Mathews,6.0
Alexander Goodwin,6.0
John Magaro,6.0
Mark Rolston,6.0
Craig Robinson,6.0
Micah Sloat,6.0
Bill Fagerbakke,6.0
Brandon Routh,6.0
James Russell,6.0
Tom Kane,6.0
Lou Taylor Pucci,6.0
Shawn Ashmore,6.0
Colin O'Donoghue,6.0
Lindsay Lohan,6.0
Rupert Evans,6.0
Kelsy Abbott,6.0
Finn Little,6.0
Ryan Guzman,6.0
Erich Anderson,6.0
Daniel Betts,6.0
Shannon Elizabeth,6.0
Lawrence Michael Levine,6.0
Nika Futterman,6.0
Eugenio Derbez,6.0
Sanjeev Bhaskar,6.0
Steve Austin,6.0
Mykelti Williamson,6.0
Jennifer Cooke,6.0
Kate Walsh,6.0
Shad Moss,6.0
Margaret Whitton,6.0
Paige Turco,6.0
Eiza GonzÃ¡lez,6.0
Marcel Iures,6.0
Kate Upton,6.0
J.L. Reate,6.0
Tom Selleck,6.0
Jimmy Bennett,6.0
Brittany Daniel,6.0
Robert Sheehan,6.0
Jacob Elordi,6.0
Ron Perlman,5.988888888888889
Justin Bartha,5.9799999999999995
Peter Stormare,5.975
Max Minghella,5.975
Amber Valletta,5.975
Jason Momoa,5.975
Milla Jovovich,5.966666666666667
Queen Latifah,5.966666666666666
Katherine Heigl,5.9625
Dennis Miller,5.95
Michael Chiklis,5.95
Joy Bryant,5.95
Ed Skrein,5.95
Steve Guttenberg,5.95
Sarah Jessica Parker,5.95
Ian McNeice,5.95
Nicholas D'Agosto,5.949999999999999
Tiffany Haddish,5.949999999999999
Emma Bell,5.949999999999999
Taissa Farmiga,5.949999999999999
Robert Englund,5.9375
Jeremy Northam,5.933333333333334
Kristen Stewart,5.933333333333334
Parker Posey,5.933333333333334
Shareeka Epps,5.9
Julian McMahon,5.9
Uberto Paolo Quintavalle,5.9
Scott Caan,5.9
Eileen Essell,5.9
Columbus Short,5.9
Amy Brenneman,5.9
Cedric the Entertainer,5.9
Martin Donovan,5.9
Rhys Wakefield,5.9
Julia Dietze,5.9
Amy Schumer,5.9
GÃ¶tz Otto,5.9
Dacre Montgomery,5.9
Jonathan Breck,5.9
Diego Boneta,5.9
Jason Behr,5.9
Rachael Leigh Cook,5.9
Angus Sampson,5.9
Pink,5.9
Christopher Kirby,5.9
Stephanie Szostak,5.9
Christopher James Baker,5.9
Michael Rapaport,5.9
Jake Abel,5.9
Eythor Gudjonsson,5.9
T.J. Miller,5.9
Krysten Ritter,5.9
Lance Henriksen,5.9
Lee Evans,5.9
Cliff Curtis,5.9
Kenny Wormald,5.9
Bryan Brown,5.9
William B. Davis,5.9
Colin Egglesfield,5.9
Rose Leslie,5.9
Bruce Payne,5.9
Steve Harris,5.9
Ron Silver,5.9
Louis Ferreira,5.9
Ben McKenzie,5.9
Adam Wingard,5.9
Emily Ratajkowski,5.9
Luke Vanek,5.9
Alexander Siddig,5.9
Jamie Campbell Bower,5.9
Luke Mably,5.9
Olivia d'Abo,5.9
Seth Green,5.9
Charles S. Dutton,5.9
Dennis Farina,5.9
Allison Cratchley,5.9
Tian Jing,5.9
Grace Jones,5.9
Natasha Calis,5.9
Gerrit Graham,5.9
Giorgio Cataldi,5.9
Alicia Witt,5.8999999999999995
Megan Fox,5.885714285714286
Malin Akerman,5.885714285714285
Tobin Bell,5.883333333333333
Dane Cook,5.88
Vanessa Hudgens,5.871428571428572
GÃ©rard Depardieu,5.866666666666667
William Fichtner,5.866666666666667
Naomi Scott,5.866666666666667
Alexandra Daddario,5.866666666666667
Rob Riggle,5.866666666666667
Theo James,5.86
Scott Patterson,5.85
Bridgette Wilson-Sampras,5.85
Samaire Armstrong,5.85
Elizabeth Mitchell,5.85
Beau Bridges,5.85
Kari Matchett,5.85
Dakota Johnson,5.8428571428571425
Gabriel Macht,5.84
Scott Eastwood,5.833333333333333
Shannyn Sossamon,5.833333333333333
Kate Mara,5.833333333333333
Jordana Brewster,5.833333333333333
Anne Heche,5.828571428571428
Matthew Lillard,5.82
Nathan Phillips,5.800000000000001
Reni Santoni,5.8
Emmanuelle Chriqui,5.8
Linden Ashby,5.8
Jessica Tyler Brown,5.8
Jessika Williams,5.8
Calvin Reeder,5.8
Sarah Wayne Callies,5.8
Chin Han,5.8
Christopher Nicholas Smith,5.8
JoBeth Williams,5.8
Chris Massoglia,5.8
Ana de la Reguera,5.8
Tammy Davis,5.8
Tobias Menzies,5.8
Lucy Liu,5.8
Nathan Meister,5.8
Johnny Simmons,5.8
Clifford BaÃ±agale,5.8
Gustaf Hammarsten,5.8
Brooke Shields,5.8
Belinda Bauer,5.8
Anita Briem,5.8
Arlen Escarpeta,5.8
Oliver Driver,5.8
Adrianne Palicki,5.8
Brandon T. Jackson,5.8
Lane Hughes,5.8
Clark Duke,5.8
HÃ©ctor JimÃ©nez,5.8
Michael J. Reynolds,5.8
Susan Blakely,5.8
DMX,5.8
Callum Keith Rennie,5.8
Jesse Metcalfe,5.8
Gina Carano,5.8
Kevin James,5.8
Leo McKern,5.8
Ryan Merriman,5.8
Francesca Ciardi,5.8
Christopher Kovaleski,5.8
Julianna Margulies,5.8
Mamoudou Athie,5.8
Diora Baird,5.8
Brian Kerwin,5.8
Matt Walsh,5.8
Pauly Shore,5.8
Costas Mandylor,5.8
Murray Hamilton,5.8
Chloe Csengery,5.8
Bernard Farcy,5.8
Margarita Levieva,5.8
Christopher Atkins,5.8
Molly McCann,5.8
Ashanti,5.8
Adam Arkin,5.8
Marc de Jonge,5.8
Matt Passmore,5.8
Perry Pirkanen,5.8
Amelia Crouch,5.8
Tessa Allen,5.8
Jodie Turner-Smith,5.8
Ella Purnell,5.8
Stephen Dorff,5.8
Peta Wilson,5.8
Danielle Ryan,5.8
Jasmine Trinca,5.8
Robert Kerman,5.8
Anna Faris,5.7823529411764705
Rip Torn,5.766666666666667
Miranda Otto,5.75
Callie Hernandez,5.75
Dylan McDermott,5.75
John C. McGinley,5.75
Boyd Holbrook,5.75
Peter Boyle,5.75
Jack Huston,5.75
Michael Parks,5.75
Joe Morton,5.75
Eugene Levy,5.733333333333333
Arielle Kebbel,5.733333333333333
Tracie Savage,5.7
Barbra Streisand,5.7
Josh Peck,5.7
Jeroen KrabbÃ©,5.7
Chyler Leigh,5.7
Carlos Alazraqui,5.7
Christopher Lambert,5.7
Iris Bahr,5.7
Ken Kirzinger,5.7
Claire Holt,5.7
Annabelle Wallis,5.7
Christopher Reeve,5.7
Kelly Rowland,5.7
Hannah Ware,5.7
J. Todd Smith,5.7
John Beckman,5.7
Garry Marshall,5.7
Julene Renee,5.7
Hilary Duff,5.7
Dana Kimmell,5.7
Ashley Bell,5.7
Amy Seimetz,5.7
Zachary Bennett,5.7
Stacy Keach,5.7
Martin Roach,5.7
Dolph Lundgren,5.7
Matthew Morrison,5.7
Max Burkholder,5.7
Vithaya Pansringarm,5.7
Breckin Meyer,5.7
Molly Ephraim,5.7
Kristine Froseth,5.7
Delphine ChanÃ©ac,5.7
Zahra Anderson,5.7
Zawe Ashton,5.7
Oliver Platt,5.7
Dean Jones,5.7
Shannon Purser,5.7
Patrick Fabian,5.7
RZA,5.7
Blanchard Ryan,5.7
Richard Brooker,5.7
Saul Stein,5.7
Daniel Travis,5.7
Will Yun Lee,5.7
Rodney Eastman,5.7
Ben Daon,5.7
Sam Heughan,5.7
William Forsythe,5.7
Stephanie Moore,5.7
Hong Chau,5.7
Levi Miller,5.7
Kristy Swanson,5.7
Busy Philipps,5.7
Lin Shaye,5.7
Liu Yifei,5.7
Adam Garcia,5.7
Isaiah Washington,5.699999999999999
Aaliyah,5.699999999999999
Matt Bomer,5.699999999999999
Sarah Michelle Gellar,5.683333333333334
Rob Corddry,5.675
Marlon Wayans,5.6625
James Remar,5.65
Deepika Padukone,5.65
Iain Glen,5.65
Marcia Strassman,5.65
Chad Michael Murray,5.65
Ioan Gruffudd,5.625
Cam Gigandet,5.616666666666667
Shawn Wayans,5.6000000000000005
Piper Perabo,5.6000000000000005
Michelle Morgan,5.6
Joe Manganiello,5.6
Rebecca Gayheart,5.6
Diana Silvers,5.6
Joey Travolta,5.6
Nicki Aycox,5.6
Joan Plowright,5.6
Rider Strong,5.6
Bingbing Li,5.6
Shawn Roberts,5.6
R.G. Armstrong,5.6
Fiona Dourif,5.6
Tracy Morgan,5.6
Bailee Madison,5.6
Mamie Gummer,5.6
Phil Hartman,5.6
Gio Perez,5.6
David Graf,5.6
Chris Barrie,5.6
Cynthia Nixon,5.6
Peter Horton,5.6
Paulo Costanzo,5.6
Grace Lynn Kung,5.6
Rob Schneider,5.6
Jessica Alba,5.6
Geraint Wyn Davies,5.6
Mary-Kate Olsen,5.6
Mason Gamble,5.6
Sophia Bush,5.6
Juan Carlos HernÃ¡ndez,5.6
Dominik Garcia,5.6
Joshua Close,5.6
Alonna Shaw,5.6
Tony Shalhoub,5.6
Jordan Ladd,5.6
Jordan Gavaris,5.6
Daniel Dae Kim,5.6
Katie Chang,5.6
Cailee Spaeny,5.6
Sinbad,5.6
Chantal Quesnelle,5.6
Tom Taylor,5.6
Ariel Gade,5.6
Geoffrey Lewis,5.6
Zachary Knighton,5.6
Max Thieriot,5.6
Betsy Russell,5.6
James Coburn,5.6
Shamier Anderson,5.6
Mary-Louise Parker,5.6
Jennifer Lopez,5.586666666666667
Kal Penn,5.575
Jason Lee,5.575
Danielle Panabaker,5.575
Sienna Guillory,5.566666666666666
Stuart Townsend,5.55
Katie Featherston,5.533333333333334
Kim Myers,5.5
Adam Lamberg,5.5
Heather Sossaman,5.5
Jared Padalecki,5.5
Heather Matarazzo,5.5
Christian Kane,5.5
Danila Kozlovskiy,5.5
Danielle Harris,5.5
Clayton Snyder,5.5
Lauren German,5.5
Ellie Cornell,5.5
Nicollette Sheridan,5.5
Eric Bogosian,5.5
Amanda Righetti,5.5
Lucy Fry,5.5
Jennifer Love Hewitt,5.5
Candice Bergen,5.5
Steven Brand,5.5
Francesca Neri,5.5
Mark Patton,5.5
Courtney Halverson,5.5
Derek Mears,5.5
Matthew Bohrer,5.5
David Morrissey,5.466666666666666
Matilda Anna Ingrid Lutz,5.45
Jaime King,5.45
Miley Cyrus,5.45
David Denman,5.449999999999999
Tyler Mane,5.449999999999999
Katie Cassidy,5.449999999999999
Brigitte Nielsen,5.449999999999999
Scout Taylor-Compton,5.449999999999999
Kristin Chenoweth,5.433333333333334
Camilla Belle,5.433333333333333
Moon Bloodgood,5.4
Maria Pitillo,5.4
JoJo,5.4
Abhishek Bachchan,5.4
David Dorfman,5.4
Cung Le,5.4
Romeo Miller,5.4
Jess Weixler,5.4
Adewale Akinnuoye-Agbaje,5.4
Jane Curtin,5.4
Isabel Lucas,5.4
Jerry O'Connell,5.4
Jensen Ackles,5.4
Kari Wuhrer,5.4
Shahkrit Yamnarm,5.4
Charlie Yeung,5.4
Jonathan Winters,5.4
Michaela Watkins,5.4
Charles Durning,5.4
Avery Whitted,5.4
Ward Horton,5.4
Robert Knott,5.4
Alex O'Loughlin,5.4
Laysla De Oliveira,5.4
John Larroquette,5.4
Damson Idris,5.4
Enzo Cilenti,5.4
John Hensley,5.4
Alfre Woodard,5.4
Scott Terra,5.4
Natasha Henstridge,5.3999999999999995
Bubba Smith,5.3999999999999995
Sara Paxton,5.3999999999999995
Leighton Meester,5.366666666666667
Katy Perry,5.35
David Cross,5.35
Jimmy Fallon,5.35
Kirstie Alley,5.300000000000001
Maggie Q,5.300000000000001
Antony Acker,5.3
Kiernan Shipka,5.3
Marguerite Moreau,5.3
Josephine Langford,5.3
Maisie Williams,5.3
DemiÃ¡n Bichir,5.3
Jonas Bloquet,5.3
Ashley Benson,5.3
Charlie Heaton,5.3
Khadijha Red Thunder,5.3
Jessica Simpson,5.3
Ariel Levy,5.3
Shari Headley,5.3
Patricia Velasquez,5.3
Odette Annable,5.3
Raymond Cruz,5.3
Robert Daniel Sloan,5.3
Hero Fiennes Tiffin,5.3
Aaron Burns,5.3
Toby Hemingway,5.3
Daniel Sunjata,5.3
Robyn Lively,5.3
Regina Hall,5.3
Jason O'Mara,5.3
Alyson Hannigan,5.266666666666667
Spencer Breslin,5.266666666666667
Jayma Mays,5.25
Jaime Pressly,5.25
Kit Harington,5.25
Freddie Prinze Jr.,5.225
Lloyd Owen,5.2
Loan Chabanol,5.2
Lex Scott Davis,5.2
Eddie Griffin,5.2
Dylan Walsh,5.2
Y'lan Noel,5.2
SofÃ­a Vergara,5.2
Matt LeBlanc,5.2
Matthew Del Negro,5.2
Violett Beane,5.2
Matthew Zuk,5.2
Krista Allen,5.2
Nick Zano,5.2
Warren Christie,5.2
Nina Dobrev,5.2
Billy Burke,5.2
Ross Bagdasarian Jr.,5.2
ZoÃ« Kravitz,5.2
Ryan Robbins,5.2
Andrew Fiscella,5.2
Keir O'Donnell,5.2
Tyler Posey,5.2
Joivan Wade,5.2
Evan Peters,5.2
Janice Karman,5.2
Katie Holmes,5.2
Gabriela Lopez,5.2
Steven Strait,5.199999999999999
Alexa PenaVega,5.15
Leelee Sobieski,5.15
Cheryl Hines,5.15
Tommy Flanagan,5.1
Ed Speleers,5.1
Edison Chen,5.1
Daniella Alonso,5.1
Kelly Jo Minter,5.1
Michael Bailey Smith,5.1
Lorenza Izzo,5.1
Justin Whalin,5.1
Jamie Dornan,5.1
Perrey Reeves,5.1
Marco Khan,5.1
Morris Chestnut,5.1
Brad Dourif,5.1
Lisa Wilcox,5.1
Jacob Vargas,5.1
Jeremy Sylvers,5.1
Sandahl Bergman,5.1
Lucy Hale,5.050000000000001
Billy Ray Cyrus,5.05
Armand Assante,5.05
Taylor Lautner,5.04
Robin Shou,5.033333333333333
Andrew Jacobs,5.0
Jorge Diaz,5.0
Sergej Trifunovic,5.0
Gabrielle Walsh,5.0
Michael Winslow,5.0
Marsha Thomason,5.0
Olivia Taylor Dudley,5.0
Nancy Sorel,5.0
Jonathan Sadowski,5.0
Stacey Nelkin,5.0
Jesse McCartney,5.0
Corbin Reid,5.0
Daryl Sabara,5.0
Essence Atkins,5.0
James Allen McCune,5.0
Marlene Forte,5.0
Tom Atkins,5.0
Stephen Tobolowsky,5.0
Kat Graham,5.0
Jelena Gavrilovic,5.0
Adelaide Clemens,5.0
Elizabeth Berkley,4.9
Robert Oliveri,4.9
Kennedi Clements,4.9
Lisa Zane,4.9
Rosie O'Donnell,4.9
Shon Greenblatt,4.9
Lance Guest,4.9
Nicola Peltz,4.8
James Corden,4.8
Sarah Carter,4.8
Jorge Garcia,4.8
Emily Procter,4.8
Natalie Dormer,4.8
Eric Stoltz,4.8
Minka Kelly,4.8
Eoin Macken,4.8
Devon Aoki,4.8
Colleen Haskell,4.8
Ella Balinska,4.8
Tania Raymonde,4.8
John Waters,4.8
Stephanie Vogt,4.8
Eric Christian Olsen,4.75
Priyanka Chopra Jonas,4.75
Jeffrey Jones,4.7
Kareena Kapoor,4.7
Arjun Rampal,4.7
Kristen Wilson,4.7
David A.R. White,4.7
Matt Lanter,4.7
Brandy Norwood,4.7
Shane Harper,4.7
Goran Visnjic,4.7
Derek Richardson,4.65
Stephen Dunham,4.6
Emily Osment,4.6
Matt Shively,4.6
Tom Green,4.6
Marisa Coughlan,4.6
Reiko Aylesworth,4.6
Steven Pasquale,4.6
Kip Pardue,4.6
Drake Bell,4.6
Sanjay Dutt,4.6
Til Schweiger,4.6
Eric Johnson,4.55
Johnny Galecki,4.5
Kristin Davis,4.5
Alex D. Linz,4.5
Gisele BÃ¼ndchen,4.5
Olek Krupa,4.5
Alex Roe,4.5
Daren Kagasoff,4.5
Ana Coto,4.5
Rya Kihlstedt,4.5
Terry Crews,4.449999999999999
Janet Jackson,4.4
Kane Hodder,4.4
Margaret Qualley,4.4
Larry Miller,4.4
LeBron James,4.4
Lexa Doig,4.4
Jeff Geddis,4.4
Lorraine Gary,4.4
Cedric Joe,4.4
Tara Reid,4.4
Scottie Thompson,4.4
Dieter Laser,4.4
Nick Chinlund,4.4
Eric Balfour,4.4
Ashley Greene,4.4
Donald Faison,4.4
Ashley C. Williams,4.4
Alan Cumming,4.300000000000001
Estelle Getty,4.3
Ghassan Massoud,4.3
Stephen Merchant,4.3
Almira Tursyn,4.3
Eduardo Minett,4.3
Fred Willard,4.233333333333333
Scott Adkins,4.2
Kellan Lutz,4.2
Rupert Everett,4.2
Storm Reid,4.2
Joely Fisher,4.2
Ashley Tisdale,4.2
Sara Ali Khan,4.2
Gaia Weiss,4.2
Varun Dhawan,4.2
Jennifer Coolidge,4.15
Ashlynn Yennie,4.1
Robert John Burke,4.1
Jennifer Ehle,4.1
Mario Machado,4.1
Busta Rhymes,4.0
Erica Leerhsen,4.0
Brad Loree,4.0
Noah Ringer,4.0
Stephen Barker Turner,4.0
Jackson Rathbone,4.0
Jeffrey Donovan,4.0
Salman Khan,3.9000000000000004
Laurence R. Harvey,3.8
Romany Malco,3.8
Maddi Black,3.8
Kevin Sorbo,3.75
Juliette Danielle,3.7
David Hasselhoff,3.7
Bess Armstrong,3.7
Simon MacCorkindale,3.7
Greg Sestero,3.7
Talisa Soto,3.7
Tommy Wiseau,3.7
Paris Hilton,3.6500000000000004
Anson Mount,3.6
Britney Spears,3.6
Simon Rex,3.5
Jenn Proske,3.4
Diedrich Bader,3.4
Bronislaw Wroclawski,3.3
Anna Maria Sieklucka,3.3
Michele Morrone,3.3
Cassi Thomson,3.1
Mario Van Peebles,3.0
Adam Campbell,2.8
Sean Maguire,2.8
Jason Derulo,2.7
James Marsters,2.5
Justin Chatwin,2.5
Arjun Kapoor,2.4
Ranveer Singh,2.4
Carmen Electra,2.3499999999999996
Jamie Kennedy,2.2
Traylor Howard,2.2
Clint Howard,2.1
Jonathan Cherry,2.1
Tyron Leitso,2.1
Bobby Deol,1.9
Vanessa Lachey,1.9
Joel David Moore,1.9
Anil Kapoor,1.9
Christine Lakin,1.9
Nicole Parker,1.9
Randeep Hooda,1.8
Disha Patani,1.8
Aldona Struzik,1.2
Maciej PÃ³ltorak,1.2
Beata Fido,1.2
Priyanka Bose,1.1
Alia Bhatt,1.1
